Title,Keyword,text_URL,text,text1,Author_URL,Author,Author2,Name,Date,Image
부산맛집 서면밀면 으로 여행 첫 스타트 !,부산맛집,https://blog.naver.com/qqq86/222891961271,부산맛집 서면밀면 으로 여행 첫 스타트 ! 이번 부산 여행의 첫 포스팅은 제가 여행 첫 스타트로 갔던 곳으로 먼저 적어보려고 해요 :) 낮 시간에 도착해서 점심을 뭐먹지 ? 하다 간단한 거 먹자고 면 종류 어때 하면서 이것저것 찾아보다가 부산맛집 으로 아주 유명한 서면밀면 이 !! 블로그 후기가... ,부산맛집,https://blog.naver.com/qqq86,https://blogpfthumb-phinf.pstatic.net/MjAyMjAyMDNfMTQy/MDAxNjQzODU5MzM0NDE0.0DJ9iSaLYybsBmyYQma9OW_Mk_olzWwJqCkzPL6NYfcg.3HMDSqELg_4JLkOlbueDX4NHMJidJT0EX7Abvxyci3sg.PNG.qqq86/profileImage.png?type=s1,졍이,Jyoung's Blog _ ♡,2022. 10. 10.,https://blogthumb.pstatic.net/MjAyMjEwMDVfNiAg/MDAxNjY0ODk1Njg4NTY5.Zf3RQzPHfVfwkzIGwFcpKerHX1grUNR0rVx6vWmm2B0g.aLge7fxfDUv_v7yUt_Slsk6em-X49uRgagat2IsAVbIg.JPEG.qqq86/P20221002_123136331_22FA2945-5B08-4200-B8F3-EDE2F1118F40.jpg?type=s2
"부산 맛집, 부산역 신발원 군만두 필수!",부산 맛집,https://blog.naver.com/gns5660/222821335302,그 중에서도 저희가 가려한 #부산맛집 바로 #부산신발원 입니다!! 부산역 맛집 신발원은 워낙 유명해서 본점이 있고 바로 옆 건물에 흰색 간판인 신관이 또 있어요! 자세한 위치는 지도를 참고해주세요! 여기 빨간 간판이 부산 맛집 신발원 본점입니다! 처음에 오른쪽 사진 찍고 뭐지 날씨가 습해서... ,부산맛집,https://blog.naver.com/gns5660,https://blogpfthumb-phinf.pstatic.net/MjAxODA2MjFfMTQ1/MDAxNTI5NTE3NjAyMzAx.KdDi2sBIoBMn74BbZJGrAnoO1h1Q8IV71Z3auyx1-wUg.FtU5yKpG_LAxBsQVveFPfd-_oPFXaSYPtfcNoNjg0J0g.JPEG.gns5660/profileImage.jpg?type=s1,ciel,영양사 ciel의 잡동사니방,2022. 7. 20.,https://blogthumb.pstatic.net/MjAyMjA3MjBfMTA5/MDAxNjU4MzE4MDcyMjM3.StkZEQzcRWx1GUzQszwXdwlQDMpJeOLSonCdyvlutbUg.DuMWFBVcnPBebyDcWrSwRhiOFCrDnKiDccMEaSNLjn8g.JPEG.gns5660/1658318065654.jpg?type=s2
부산 맛집 내돈내산 생선구이 자갈치시장 여기가 가본곳중 괜찮았어요.,부산 맛집,https://blog.naver.com/saiber44/222905994678,ㅠㅠ 이래서 부산 맛집은 해산물이구나 싶다. 내돈내산 주문을 하려는데 마음은 회이지만 너무 아침이어서 생선으로 결정했다. 메뉴판이 정말... 부산 맛집 내돈내산으로 다녀온 곳이 정말 많은데 기억을 더듬어 써보긴 해야겠다. 부전에서는 주차장곰장어 양정은 칼국수와 컴포즈커피가 좀 괜찮다.... ,부산 맛집,https://blog.naver.com/saiber44,https://blogpfthumb-phinf.pstatic.net/MjAyMTA1MTlfMTM0/MDAxNjIxNDMxNDc2MjU4.msRl3knMFJ6uN8svqqSFWQmKnZBmJ8Jfxjpcvo4uin0g.WLOuzQRtcDiz5_8FHEYcgNabyon_1Q6Oj7DiMTklXisg.JPEG.saiber44/profileImage.jpg?type=s1,좋은사람,좋은사람님의 블로그,2022. 10. 21.,https://blogthumb.pstatic.net/MjAyMjEwMjFfMTk5/MDAxNjY2MjgwNjEzMTIy.BbN_JjmmdlKzpkGhyoBvtTU1MU9sxKjELhIwupTMJ9Ug.BRC06evb-_Etrkxttt_t9sWYo3hsN8iH5gOIHgnmvN0g.JPEG.saiber44/1666273292300.jpg?type=s2
금수복국 해운대 술먹고올껄 부산 맛집,부산 맛집,https://blog.naver.com/mynamco/222842461739,개념 맛집특.. 각종효능도 준비되어있고요 아주그냥 진시황 안부럽죠 복어아이템 자랑하는 복어덕후 사장님.. 하긴 이렇게 장사 잘되면 복어를 베고 자도 행복할듯 금수복국 잘먹고 갑니다! #부산맛집 #금수복국 #해운대금수복국 #금수복국본점 #복국 #복어탕 #복튀김 #복무침 #복껍질,부산맛집,https://blog.naver.com/mynamco,https://blogpfthumb-phinf.pstatic.net/MjAyMjA3MTFfMjY0/MDAxNjU3NTQyMDY2NTI4.HktAxq9__wC7AH0Zjsrytf9jkvEfAdOpMJRvtJyc3kQg.kdUn-pwUORd36csgq1MX743NFSIa7-GqdrGqzKieYNYg.PNG.mynamco/profileImage.png?type=s1,정뽀,놀고먹고싶은 블로그,2022. 8. 8.,https://blogthumb.pstatic.net/MjAyMjA4MDZfMjQ4/MDAxNjU5NzUyNjE3MTA3.lUQ1ry9Rg_W1SyWgbUq6pCMSKHsBZ4am680GGKZ9C7sg.ihwiWObcJEEvPJwayKf2h6WwhWLYO7gSZFm60pXX6Vcg.GIF.mynamco/20220806_112230.GIF?type=s2
"부산 맛집 해운대암소갈비집, 여긴 꼭 간다! 예약방법(테이블링 원격줄서기 안됨!)",부산 맛집,https://blog.naver.com/god2010god/222893507179,잘 먹었습니다!!! #부산맛집 #해운대암소갈비집 #해운대암소갈비 #해운대암소갈비집예약 #해운대암소갈비집웨이팅 #해운대암소갈비집테이블링 #해운대암소갈비집오픈 #해운대암소갈비집오픈런 #해운대암소갈비집테이블링오픈 #해운대암소갈비집생갈비 #해운대암소갈비집양념갈비,부산맛집,https://blog.naver.com/god2010god,https://blogpfthumb-phinf.pstatic.net/MjAyMTExMDNfMjc3/MDAxNjM1OTQ0NDk2ODU1.a_dq6AVkVJEze1RK3ZJjwBdKgja0OWXREY22NiuXargg.hDR11RVQhuiBMnTEQTzXeYNUY73ETF8m2RkHcfiI9xwg.PNG.god2010god/profileImage.png?type=s1,연탄,아이엠연탄,2022. 10. 6.,https://blogthumb.pstatic.net/MjAyMjEwMDZfMjM1/MDAxNjY1MDQ1Njg5OTMz.T2yhfVZMRTff6F4wLjshCZQ3aYkLFnMMNqSGK_C-P5og.yS6nBxOLMV2cqcL-eTq34QQTS-uQRYv2PZR9BIaYQDog.GIF.god2010god/1298264481.gif?type=s2
부산 송도 맛집 부산 맛집 감칠맛 끝장,부산 맛집,https://blog.naver.com/poohaha817/222912360988,내부를 둘러보자마자 탁 트인 구조의 부산 맛집은 포근함과 세월이 느껴지는 정감넘치는 분위기였죠. 전체적으로 번쩍 광이 날 정도로 잘 닦여져... 식감만큼은 부산 맛집의 찬들과 뒤쳐지지 않게 쫄깃하고 찰기 넘쳐 취향저격이었어요. 그러는사이에 바글거리며 끓여져 나온 해물탕은 언뜻 봐도... ,부산 맛집,https://blog.naver.com/poohaha817,https://blogpfthumb-phinf.pstatic.net/MjAyMjA5MjhfMjQ5/MDAxNjY0MzMxMzg1MDE0.ARyQTFI4jxNW_qTTC540W7YCgLwxsUYNjrI2ZxY8jkcg.3tbRP_dkzJIvgba0bGDL3hbJyDpcGVWvzM_pLC5Rhbgg.JPEG.poohaha817/profileImage.jpg?type=s1,맑은날,맑은날,19시간 전,https://blogthumb.pstatic.net/MjAyMjEwMjdfMzMg/MDAxNjY2ODY0MTM0NTkx.qij46O7mHc7PQuK3jiLpub0w45FR0gxDt97xReGD_Owg.g_aSMuDNX_bwg8cQsDfsARx_ueOiOximxrLlKUXZpNsg.JPEG.poohaha817/11.jpg?type=s2
부산 맛집 중국식 찐만두 신발원 + 군스빽립 폭립 먹방후기,부산 맛집,https://blog.naver.com/mongpop/222895031266,부산 맛집 중국식 찐만두 신발원 + 군스빽립 폭립 먹방후기 지난 연휴에는 친구들과 바다도 볼겸 부산으로 여행을 떠났다가 예전부터 가보고 싶었던 부산 맛집에도 다녀왔어요. 육즙 넘치는 립과 흔하지 않은 필리핀요리를 합리적인 금액대로 만끽하고왔던곳이라 소개해드려요. 군스빽립 주소... ,부산 맛집,https://blog.naver.com/mongpop,https://blogpfthumb-phinf.pstatic.net/20120607_266/mongpop_1339064721416_A2S0S0_jpg/%B8%F9%BE%C6%C6%AE111.jpg?type=s1,몽몽몽,"행복한 손그림, 몽아트 ♡",2022. 10. 8.,https://blogthumb.pstatic.net/MjAyMjEwMDhfMjQ3/MDAxNjY1MjEyNzAzMjk2.FjsJrHFyAtzm_uVVCuY2FhioId91e3Xp6x7-SI5w8NEg._IHXHUNvZPAiOhDlVxdZeS4LAv4BCDZAC-uieIaC2ccg.JPEG.mongpop/9_%B4%EB%C7%A5%BB%E7%C1%F8.jpg?type=s2
부산 맛집 덕천동 족발맛집 : 오미족발에서 족발중자,부산 맛집,https://blog.naver.com/dbswn0083/222886991139,부산 맛집 덕천동 족발맛집 오미족발 https://단골집.com/Store/?storeId=296 드디어 신혼생활 시작! 오빠랑 집정리 좀 하면서 저녁을 뭘 먹을까하다가 근처에 덕천동 족발맛집이 있다고해서 오미족발에서 족발 중(32000)을 주문했다! 이렇게 한세트로 온다 배달도 빨리 왔음..!! 처음에보고 오빠랑... ,부산 맛집,https://blog.naver.com/dbswn0083,https://blogpfthumb-phinf.pstatic.net/MjAyMDAxMTJfOTEg/MDAxNTc4ODI4OTE4MDY4.j0IsRHtpIhya254nKa9VAL2AbMZUQG8KpG-9mMpWDzog.inD9WkQCJXmqqhCfgtZo29rZVMtDV9jCcR1sfCrM1D0g.JPEG.dbswn0083/profileImage.jpg?type=s1,융끼,소소한 기록장소,2022. 9. 29.,https://blogthumb.pstatic.net/MjAyMjA5MjhfMTU4/MDAxNjY0Mzc1NDIyODM2.747wm1MFwsJ0KjMv-ZkxV92DlBW3Jzmrqz2j8rcPqfAg.IqwqBJoBga3N8m55s03J6K69S0yBG2tSwaZDohHhQr4g.JPEG.dbswn0083/20220927%A3%DF195241.jpg?type=s2
부산맛집 남천동 남천리팥빙수 무조건 방문,부산맛집,https://blog.naver.com/pt42/222719419019,부산맛집 남천동 남천리팥빙수 무조건 방문부산 팥빙수 부산에 가면 꼭 가보셔야 할 맛집이 있습니다. 음..맛집??? 부산 맛집이라고 하기엔 ^^; 혹시 좀 그렇다면 후식이나 카페라고 해야 할지도 모르겠습니다. 남천리 팥빙수는 마치 동남아에 와 있는 듯한 분위기가 참 좋다는~ 이색적입니다. 주소는... ,부산맛집,https://blog.naver.com/h2fcev,https://blogpfthumb-phinf.pstatic.net/MjAyMDA1MThfMjE5/MDAxNTg5ODExOTI1NTk5.l9w5cZaUjSyNbOZ1VJj6XkFIiOD5QXVy0q3-0jHyAUEg._dgTgl3ayTv3924iDtiM1eDGyI-A5vYTLctu4igiWL0g.JPEG.pt42/profileImage.jpg?type=s1,대한민국응새,대한민국응새,2022. 8. 16.,https://blogthumb.pstatic.net/MjAyMjA1MDNfMTE3/MDAxNjUxNTQ3NzM1MzQ3.GStAv05xDnSIZbhJuXv8oWRvuJatIJkpGxL9vM30OLQg.0GOVhrO2wAmOXaqHpoy0Y0sWfwx_p61HXdlz4fYzKw4g.JPEG.pt42/DSC02758.JPG?type=s2
[부산 맛집] 부산 마담떡집 신세계백화점 강남점 팝업스토어,부산 맛집,https://blog.naver.com/nabi8104/222909947878,마담떡집 #부산맛집 #부산마담떡집 #마담떡집 부산 중문떡집이 이름을 마담떡집으로 바꾸었나 보다. 사실 부산에 그리 자주 가는데 여기는 처음 알았다. 신세계백화점 팝업스토어에 줄이 길어 나도 줄을 서 보았다.ㅋㅋ 나는 줄서있는 집을 지나치치 못하는 편임.ㅋ 떡을 만드는 모습이 신기해... ,부산맛집,https://blog.naver.com/nabi8104,https://blogpfthumb-phinf.pstatic.net/MjAyMTA0MDRfOTkg/MDAxNjE3NTE4NjMwMjU3.Bwf90mZGiXkh6ZMXYwwBeWp_-PrV_l4OrU0xCnntEjwg.RGECsWfgmziIX28M0ubBGqfdPzy1Nzsp-OuuFrHVipog.PNG.nabi8104/profileImage.png?type=s1,이슐랭,깨알 블로거,2022. 10. 25.,https://blogthumb.pstatic.net/MjAyMjEwMjVfMjU4/MDAxNjY2NjY5ODMzNjMx.4tZgvDyT_nvaHkHtbaGq4iOp7bu6U3b7OKTe-4jDqrcg.jdXFOKPmjYWBe9eoQS6RLVmZ3df4egnKLbDHfD9E9y8g.JPEG.nabi8104/IMG_E2245.JPG?type=s2
외식1번가 덕천점 / 가족외식 생일잔치 (부산맛집),부산맛집,https://blog.naver.com/maehwa0802/222904888363,양념갈비 ＃부산외식＃부산맛집＃부산한우맛집 ＃生진갈비살 소금구이 한우 ＃떡갈비 ＃버섯구이 生진갈비살 소금구이 숯불에 살짝 불만 입혀서 한우육즙과 숯불향이 입안에서 고기육질이 부드러워 금방 금방 굽기 바빴다 1인분 양도 넉넉하게 푸짐하게 꽤나 맛있게 든든하게 영양보충 단단히... ,부산맛집,https://blog.naver.com/maehwa0802,https://blogpfthumb-phinf.pstatic.net/20140513_173/maehwa0802_1399909771722UbPPe_JPEG/%C7%D1%B0%E8%B7%C9.jpg?type=s1,김정숙,♡김정숙의 블로그♡,2022. 10. 19.,https://blogthumb.pstatic.net/MjAyMjEwMThfNSAg/MDAxNjY2MDg3MTc4ODI1.7kCUL1utv5I6QDZNW4IZswsM0osGHYkkQQY0kUlm61kg.cd1Im4hRrSYjdNvWIhJVeth62y7SfJdpMCmH1ZzHCJ8g.JPEG.maehwa0802/CB11E100-E62C-4A28-8A3D-B5A8E63579C8.jpeg?type=s2
부산 맛집 해운대 31cm 해물칼국수 구서점 내돈내산 솔직후기,부산 맛집,https://blog.naver.com/sandy792/222884073439,부산 맛집 해운대 31cm 해물칼국수 구서점 내돈내산 솔직후기 벼르고 벼르던 해운대 31cm 칼국수를 이제야 다녀왔어요ㅠㅠㅋㅋㅋㅋ 칼국수에 파전 딱 시키고 매운 김치 한점 올려서 호로록 먹으면 얼마나 맛있을까 생각하면서 전날부터 기대 잔뜩 하면서 출격~~~ 원래 본점 가보고 싶었는데 너무... ,부산 맛집,https://blog.naver.com/sandy792,https://blogpfthumb-phinf.pstatic.net/MjAyMDA0MDJfMjYx/MDAxNTg1ODIzMTMwMTA3.MzItgMsHoqVeVmBclFtVVAx-ckgWwJZzqWqoPTeERv0g.ZBOX3lH2v-K2wf7NSJmm0bhWXMwh4tiNVUN8z8jZYH0g.JPEG.sandy792/profileImage.jpg?type=s1,츠키노유메,"月の夢_YUM, Daily Life",2022. 9. 25.,https://blogthumb.pstatic.net/MjAyMjA5MjVfMiAg/MDAxNjY0MTEzNjQ3MDc3.9ZytgOMkxNDEXn_vXxJj8qUDm3nvxzGSDOdUokSRQUIg.ab8voCGvvi_3ZlIrM1-HVl3YfZzmlHtVFLkthHL7Ggwg.JPEG.sandy792/KakaoTalk_20220925_224604615.jpg?type=s2
부산맛집 현지인이 추천하는 해운대가야밀면!,부산맛집,https://blog.naver.com/kimhiyhtgayag/222909857953,"바로 부산맛집, 해운대가야밀면이에요! 중동역 10번 출구에서 가까운 곳에 위치하고 있어서 접근성도 좋아요.. ㅎ 처음 방문하게 된 계기는... 저한테는 부산맛집, 해운대가야밀면이 그런 곳이에요. 여기 온다고하면 아내도 꼭 포장해서 오라고 말할 정도로 온가족이 좋아하는 곳이랍니다. ^^ 혹시라도... ",부산맛집,https://blog.naver.com/kimhiyhtgayag,https://ssl.pstatic.net/static/blog/blank.gif,녹차,녹차님의 블로그.,2022. 10. 25.,https://blogthumb.pstatic.net/MjAyMjEwMjVfMjEx/MDAxNjY2NjYzNzQwNTQ0.vo-9To4wWyK8XTGL5O-RdS8rfZGPvC1q_utseXaDFgsg.y22MfQiuyF4g6TYwoImi_3xr8WVk5tICl5I3OAFBqkMg.JPEG.kimhiyhtgayag/%BB%E7%C1%F8_%281%29.jpg?type=s2
"[飛상] 부산, 맛집 - 광안리 : 할매재첩국 부산본점",,https://blog.naver.com/mahastha/222885743234,"부산 수영구 광안리에 잠시 머물면서 식사할 곳을 찾았다. 할매재첩국 부산본점이다. 부산, 맛집 광안리 <할매재첩국> 바다 닿은 곳에 왔지만- 지인은 물것을 즐기지 아니한다. 바다란 푸름과 흰 포말을 잠시 관조하면 족하는 그런 곳이다. 그는 유난스럽게도 오래된 어딘가를 잘 찾아낸다. 시간의... ",,https://blog.naver.com/mahastha,https://blogpfthumb-phinf.pstatic.net/MjAxODA0MjdfMzgg/MDAxNTI0ODI4ODk3MDQx.Es8O7fHO8tEc8HLW8tuYcP2Og299YOHqHjBKquuIZesg.39fKf2JPwXtL-z_8b6Tdx55lmKtV7L0LVEwtN_5mF4Ag.JPEG.mahastha/1.jpg?type=s1,홍대고양이,가능태공간-독서.투자.성장,2022. 10. 16.,https://blogthumb.pstatic.net/MjAyMjA5MTdfMTI2/MDAxNjYzMzgyMzA3OTQw.5hr1vLFz1Zj7GdkelmwBT2-XoWU-NcB2GeiR0yJ3sKQg.AkMn1dR3brgY8YyxC_hS5F2Yuf1kZwh5DpsCRgccsywg.JPEG.mahastha/DSC01955.JPG?type=s2
부산맛집 해운대 태국음식 생어거스틴,부산맛집,https://blog.naver.com/djanus/222891131016,태국음식은 매콤하고 마늘베이스도 많아서 은근 한국사람에게 잘 맞는 것 같아요 부산맛집 생어거스틴 부산 해운대구 달맞이길 97 일루아호텔 L층 부산맛집 생어거스틴 해운대 ILLUA 일루아호텔 안에 있어요 Saint Augustin 입구 카운터 홀전경 테라스석 지금같은 계절엔 테라스석 너무 좋아요... ,부산맛집,https://blog.naver.com/djanus,https://blogpfthumb-phinf.pstatic.net/20200417_156/djanus_1587106364608EPJxO_PNG/avatar_profile.png?type=s1,미니멀쿡,미니멀쿡의 심플한 감성레시피,2022. 10. 4.,https://phinf.pstatic.net/image.nmv/blog_2022_10_04_1604/b64ea6af-436c-11ed-9f1e-d4f5ef5a9532_01.jpg?type=r152#152x114#m
"[부산] 명실상부 부산 맛집, 개미집 광안리점",부산 맛집,https://blog.naver.com/shy486kgs/222838477839,"개미집 맛집이라고 많이 그러셨는데, 그동안은 한번도 안 가봤거든요. 심지어 낙곱새가 엄청 유행했을때에도 안 가봤어요. 이번에 가보니 명실상부 맛집이 맞네요 :) #부산여행 #부산맛집 #광안리맛집 #부산개미집 #광인리개미집 #부산낙곱새 #광안리낙곱새",부산맛집,https://blog.naver.com/shy486kgs,https://blogpfthumb-phinf.pstatic.net/MjAyMTEyMDdfMjI5/MDAxNjM4ODg3ODkyNzU4.zhnoTi3NEd9H4O5sKd9GFwX0xoas2jkHCky33IPts6Eg.97yL5dLLlShUQiM6EYllmhQ_MoAiNL4vAq89d4vR6ZUg.JPEG.shy486kgs/profileImage.jpg?type=s1,쑤,꼬맹이 쑤의 엔도르핑 월드,2022. 8. 3.,https://blogthumb.pstatic.net/MjAyMjA4MDNfMjI3/MDAxNjU5NTAxMzMwNDA4.xyLk4j6jI5Nw3nbZBPWWj9PJKIoBbtm7s6NQSyDaIKUg.P2NWOi79IkezTFn_NKX75wh61GSYTNJ7vIIu_Brr3Tsg.JPEG.shy486kgs/20220729_173733.jpg?type=s2
[부산맛집] 사상꼬리집 - 돼지 꼬리 고기,부산맛집,https://blog.naver.com/aim_dream/222767281778,사상꼬리집 돼지고기 특수부위 맛집 #부산맛집 #사상맛집 #부산여행 부산 맛집이라고 소문난 #사상꼬리집 영화 더킹 촬영장소로도 유명합니다~~!! 줄 서서 먹는집이라고 오후 4시 오픈이라서 시간 딱 맞춰서 갔습니다. 저희가 첫손님~~!! 꼬리랑 꼬리모듬 시켰어요~!! 꼬리모듬은 꼬리랑 돼지껍질이... ,부산맛집,https://blog.naver.com/aim_dream,https://blogpfthumb-phinf.pstatic.net/MjAyMTExMDdfNzgg/MDAxNjM2MjkwMjY4NTU3._63CdcZd11luUGhWF410P37uEkpsySMircU3oPrfYwUg.MR3KBEJ3QHOsSR6aRGgyL_USIlFl-kD4aaRWh50oK6sg.JPEG.aim_dream/profileImage.jpg?type=s1,골드밤,골드밤의 황금빛 가득한 책방,2022. 6. 10.,https://blogthumb.pstatic.net/MjAyMjA2MDhfMTky/MDAxNjU0NjYzNTc5Mjk1.wjyvuHe2bIchD7Jxh5_XQba3f9ROdzgMz_QfYCDcXrAg.90eMWygVXcqxBrv7l2ZQ_pb5DlBxdpgo5bwd9dVWORIg.JPEG.aim_dream/1654663470039.jpg?type=s2
바다가 보이는 카페 부산맛집 투썸플레이스 오션뷰카페,부산맛집,https://blog.naver.com/djanus/222658693777,바다가 보이는 카페 투썸플레이스 부산맛집 오션뷰카페 바다는 보기만 봐도 왜 힐링이 될까요 사람들은 왜 바다를 보고싶어하는 걸까요... 카페 부산맛집 찾아다니는 것도 좋아해요 오~~명당자리 차지 테라스 뷰가 정말 좋아요 이 테라스가 뷰 명당자리라 치열한 자리 다툼이 있을 듯해요... ,부산맛집,https://blog.naver.com/djanus,https://blogpfthumb-phinf.pstatic.net/20200417_156/djanus_1587106364608EPJxO_PNG/avatar_profile.png?type=s1,미니멀쿡,미니멀쿡의 심플한 감성레시피,2022. 2. 26.,https://blogthumb.pstatic.net/MjAyMjAyMjVfMTIg/MDAxNjQ1NzkyMjA1NTE0.65WC0xkZp6gjoHpqjPDIwXULA0KJJGyDlAGCST2DaFIg.ZSB6RuXAxRYqxdgwm5qjVG7TgLjyK120JeoGNIgEliAg.JPEG.djanus/IMG_3863.JPG?type=s2
[부산 맛집] 태국감성 느낄 수 있는 송정해수욕장 신상맛집 '누들누들찹찹',부산 맛집,https://blog.naver.com/iamsjh168/222861655536,두입 세입 첫입부터 끝입까지 존맛 팟타이도 차오면도 매콤짭쪼름 자극적인게 내일 아침에 얼굴 부어도 노상관! 외치며 호로록 찹찹  착한 가격에 양도 혜자 웨이팅은 본인의 선택 하지만 후회안하실껄요! #부산 #부산맛집 #부산신상맛집 #송정맛집 #부산핫플 #송정핫플 #태국음식맛집 #누들누들찹찹,부산맛집,https://blog.naver.com/iamsjh168,https://blogpfthumb-phinf.pstatic.net/MjAyMjA4MzBfNDYg/MDAxNjYxNzg1MjcwOTQ0.0AT6d7XHgBdKh3csAPqkW8GytDWvvI6HpQ3D4pMs4u8g.U5Hnqxyw77Qs6j828g4YgCdykAHiblNBHoLKzOSp1-Qg.JPEG.iamsjh168/profileImage.jpg?type=s1,서져니,져니의 고마운 하루 _ ♡,2022. 8. 29.,https://blogthumb.pstatic.net/MjAyMjA4MjlfOTMg/MDAxNjYxNzg0MjY0NjQ0.TitNoeaf1eSv_fGvnqdgq8qYofHOrtt99cnZA5fvmfIg.ImCKOjCexK1wvPIk7bPI6WSqiZMoXXhAYge-_OBZwmcg.JPEG.iamsjh168/22%A3%AD08%A3%AD29%A3%AD23%A3%AD43%A3%AD06%A3%AD984%A3%DFdeco.jpg?type=s2
아빠애푸드 함박스테이크 부산맛집 고관함박 고함장,부산맛집,https://blog.naver.com/jjune77-/222912748159,아빠애푸드 함박스테이크 부산맛집 고관함박 고함장 오늘은 부산 9대 맛집인 고관함박의 육즙 팡팡 터지는 함박스테이크와 맛보는 순간 누구나... 고추장과 부산맛집 고관함박의 함박이 만나 만들어진 만능 양념장 고함장~* 오늘 뭐 먹지? 매일매일이 고민이시죠~? 먹긴 먹어야 하는데 입맛은 없고... ,부산맛집,https://blog.naver.com/jjune77-,https://blogpfthumb-phinf.pstatic.net/MjAyMjEwMTdfODQg/MDAxNjY1OTM1MTcwNTI0.25cmhtYmXpNivCcFYDoUbGpcTzBI6d7OQAtKUM3KH9Mg.lTXC54nM8WvbGMglUesKHEvNrkA8vbuLCZj8RxEmH00g.JPEG.tr0820/KakaoTalk_20221017_004515315.jpg/KakaoTalk_20221017_004515315.jpg?type=s1,요리하는 쮸네,요리하는 쮸네의 맛있는 일상 。,10시간 전,https://blogthumb.pstatic.net/MjAyMjEwMjhfMTI4/MDAxNjY2ODg1MjcyNzEw.fwAdwXAQAWYvUWWVQXtsLOx_T0xJFWyBdpGSKJcyB78g.j41_6EhGltphRLl_NsMCmLIAMv1Z5U6CPwJQHwnmbdQg.JPEG.tr0820/KakaoTalk_20221028_001754065_17.jpg?type=s2
부산맛집추천 - 소문난불백,부산맛집,https://blog.naver.com/europtour/222745767088,https://open.kakao.com/o/sMIeHkbe 안녕하세요 혜민플입니다 ^^ 며칠전 부산에 다녀왔어요 :) 다녀오면서 부산맛집을 한 번 안들릴수 없겠죠? ㅋㅋㅋ... 제육볶음이 매콤 달콤하니 맛있더라구용? ㅋㅋ 맛있게 잘~ 먹고 갑니다^^ #부산맛집 #부산맛집추천 #소문난불백 혜민,부산맛집,https://blog.naver.com/europtour,https://blogpfthumb-phinf.pstatic.net/20150620_79/europtour_1434812381206czS3r_JPEG/huge.1.7077.JPG?type=s1,Point Jam,울산 웨딩갤러리 진주 새로미 혜민,2022. 5. 25.,https://blogthumb.pstatic.net/MjAyMjA1MjVfOTAg/MDAxNjUzNDQ1ODc5NTQ3.JusBHaVXOXwbZdsdX-VVYIbddYRjImvvroI5u6Ip0Zgg.xnSEBP3au0lFjte8HmK-9f7PJln8Y8Fm7_9-Fhb8V34g.JPEG.europtour/KakaoTalk_20220525_111719720.jpg?type=s2
[부산맛집] 양곱창이 먹고 싶다면 남포동 막둥이네 양곱창 찐으로 추천!,부산맛집,https://blog.naver.com/joeungp/222821108946,여기 진짜 부산 맛집일 수밖에 없는 이유가 밑반찬이 짱 맛있음 특히 동치미가 진짜 일품인게 기름기 좔좔 양곱창 먹다가 조금 느끼해질 때... 하나도 비린 맛이나 누린맛이 없어요 역시 찐으로 부산 맛집! 양곱창만 먹기엔 아쉽자나요 국룰 볶음밥도 시켜서 아주 알차게 먹음 빨리 먹고 싶은데... ,부산 맛집,https://blog.naver.com/joeungp,https://blogpfthumb-phinf.pstatic.net/MjAyMjAzMDNfMTQ3/MDAxNjQ2MjkwMjI5MzI2.QgYi1MBOnPEwYhqdwDhMJMBF5sO3gHZVJ26AvpoynvMg.vZN4bXe9XZxFwvwwfVS8C5iuu5IUXW4NZsmvKo7xLWQg.PNG.joeungp/%25ED%2594%2584%25EB%25A1%259C%25ED%2595%2584.png/%25ED%2594%2584%25EB%25A1%259C%25ED%2595%2584.png?type=s1,조은아트플러스,BNK부산은행조은극장 공식블로그,2022. 7. 20.,https://blogthumb.pstatic.net/MjAyMjA3MjBfMjEx/MDAxNjU4MzA2NzI3OTkz.hm5ath2DkfjMeDbQA6pQs_5wAZpe5oP-_hrO20Cq05gg.rF6yazA1-AqqIrEBCrsGEj1rBplbO6uWdwQ-r0LT2IAg.PNG.joeungp/%B8%B7%B5%D5%C0%CC%B3%D7_%BE%E7%B0%F6%C3%A2.png?type=s2
[부산맛집] 해운대에서 제일 유명한 '해운대암소갈비',부산맛집,https://blog.naver.com/inhyeya/222901898369,찌개 구수하니 맛있었어요~ 후식으로 배 주셨는데 입가심 제대로~~ 저렴한 가격은 아니지만 부산에 또 오면 생갈비 먹으러 한 번 더 올 것 같아요~ #부산맛집 #해운대맛집 #해운대암소갈비 #해운대암소갈비웨이팅 #암소갈비 #암소갈비감자사리 #해운대고깃집,부산맛집,https://blog.naver.com/inhyeya,https://blogpfthumb-phinf.pstatic.net/MjAyMjA1MTZfMjQ3/MDAxNjUyNzEwNTY0MjIz.o37l0Uq6FlNDfFDmkSUX29bPRE7kqPEkYDTcfGgdlTIg.23oNT3A7kE6MUVgexnZR1EFqU2YlgOoCTusntw2GwmEg.JPEG.inhyeya/profileImage.jpg?type=s1,네이네이,인산인혜 블로그,2022. 10. 24.,https://blogthumb.pstatic.net/MjAyMjEwMTFfMjMw/MDAxNjY1NDg5NTY0NDk5.WMj3Ci7LMwb5ww1plOm_fVp61jwPGqD-dQFlUlTXMjEg.7vMm3mz5yTvgWYA1nvMIiJq2cEoFVxvqWyLN3kEPN5sg.JPEG.inhyeya/1665489563707.jpg?type=s2
부산맛집 덕천동 피자맛집  피자와썹,부산맛집,https://blog.naver.com/fghy8259/222895703554,부산맛집 덕천동 네게반해썹 피자와썹 ♡ Previous image Next image 오늘은 집에서 늘어져 피자랑 맥주 먹고 싶어지는 날~ ㅎㅎㅎ 퇴근하고 집에 오는 길... 걸로^^ 부산맛집 덕천동피자맛집 와썹피자 메뉴판인데 종류 다양해요 사이드로 스파게티나 핫윙봉도 판매하니 콜라보 로 드시고 싶다면 고고욤... ,부산맛집,https://blog.naver.com/fghy8259,https://blogpfthumb-phinf.pstatic.net/MjAyMTA0MjlfOTIg/MDAxNjE5Njc4NDUwODAz.vALFqZnFh1PWGyLWNrZb8tWFUvPNX-e21STupzRLaSAg.KfnGYdCXMOyn5rCv3sYxfte4Zl44QHJzS2JKZK_cSKEg.JPEG.fghy8259/commonFUNPHV67.jpg?type=s1,동동이,동동이님의 블로그,2022. 10. 9.,https://blogthumb.pstatic.net/MjAyMjEwMDlfMjI2/MDAxNjY1Mjk5MTAxMTUx.8IWxsbp8uKQyxnuCEofw6xWQkJMWQFGZSSvXydq07Ukg.l9heZp5YM0wsS-MWFBCU3ank-QHwVJghNdvePA1jdoQg.JPEG.fghy8259/KakaoTalk_20221009_154338402_14.jpg?type=s2
송정맛집 | 소옥 부산송정점 | 갈비찜맛집 | 부산맛집투어 내돈내산 | 부산송정갈비찜,부산맛집,https://blog.naver.com/honey8769/222851867206,특별한 맛이 있는건 아니지만 약간 매콤한게 맛있다 그리고 양은 적은편이지만 감태주먹밥과 배추전이랑 같이 먹으면 괜찮다 만약 많이 먹는 남자분들이라면 공기밥을 추가해서 밥을 비벼먹는것도 추천 #송정맛집 #송정신상식당 #송정갈비찜 #소옥 #소옥송정점 #부산맛집 #맛집투어 #내돈내산,부산맛집,https://blog.naver.com/honey8769,https://blogpfthumb-phinf.pstatic.net/MjAyMjAxMDJfMTk0/MDAxNjQxMTA3Mjg3NjA5._ZX2ePq0u_CZFpyI5XxTnwYx1Dq0BSj_J21-cPVvFmog.uObLHM9wN5of26-BBJYmNZLrRhaONlcdRhYVKWMORHwg.PNG.honey8769/profileImage.png?type=s1,요가의온도,요가의온도,2022. 8. 18.,https://blogthumb.pstatic.net/MjAyMjA4MThfMTEx/MDAxNjYwODEzMDAzNTQ3.GxzB8UzLmoR6Ss64Nt13X3it4-kGiJY5HwCmLe4D-Tcg.kNJjooenT3h02qMjU-1Tg15nVNgUc3skhC0td07asCwg.JPEG.honey8769/IMG_5398.jpg?type=s2
부산 맛집 덕천동 족발맛집 '오미족발',부산 맛집,https://blog.naver.com/thinithini/222907484174,족발 시키면 항상 제가 더 많이 먹는데 오빠가 요기는 족발이 얇아서 더 맛있다고 잘먹더라구용 오빠가 이렇게 족발을 잘먹을 줄이야 ㅋㅋㅋ 아주 뿌듯합니당 #단골맛집놀이터 #레용블로그 #오미족발 #부산족발맛집 #부산맛집 #족발맛집 #덕천동족발맛집 #덕천동족발포장 본 포스팅은 단골집... ,부산맛집,https://blog.naver.com/thinithini,https://blogpfthumb-phinf.pstatic.net/MjAyMjAzMDNfNiAg/MDAxNjQ2Mjk4NTg4MDU3.r3-5uliPdc6YQAsoPpN3ltm2vkIuBuuJ5pBRNjsiVBIg.8MaCA5haJbC_z7-49VPUK4fNbj4WjzG4T4sBdGsYYnog.PNG.thinithini/ccc.png/ccc.png?type=s1,띠니,띠니블로그,2022. 10. 24.,https://blogthumb.pstatic.net/MjAyMjEwMjJfOTYg/MDAxNjY2NDQxMDcwNTY1.2P4jFCcPTNKIciNEyjrp7e5_ZGkLiyk30tbu80sgMPog.tLVmNYZwUNNiy1gwRBEfwYIHYAJbpjcZC8g8sCTfkx0g.JPEG.thinithini/IMG_7275.jpg?type=s2
[부산맛집/전포맛집]미림양장,부산맛집,https://blog.naver.com/yeobdol/222905475018,재방문의사 백프로요~~ 담에 또가야집 #부산맛집 #부산 #전포맛집 #서면맛집 #맛집 #전포 #서면 #부산맛집투어 #중국집 #미림양장 #맛집블로그 #맛집추천 #맛집블로거 #맛집탐험 #맛집투어 #맛여행 #베이징카오야 #베이징덕 #북경오리 #서이추 #서이추환영 #이웃 #이웃환영 #블로그 #초보블로거... ,부산맛집,https://blog.naver.com/yeobdol,https://blogpfthumb-phinf.pstatic.net/MjAyMjA1MDdfMjQ5/MDAxNjUxOTExNzQwNjI0.7X33qq1XHGhlBHQkPxEU7fIUD7HFZMej3Byh_2XrCeYg.LQE8LYrLb02ecKi5CI2Qw-tiJ00ccNeL86YsSWt5K8gg.PNG.yeobdol/profileImage.png?type=s1,포카칩 Pocachip,In spite of,2022. 10. 20.,https://blogthumb.pstatic.net/MjAyMjEwMjBfMTA1/MDAxNjY2MjQ2MzUzNTI3.WgKx2roaqFRqSUni6PU5yzqIGSjNx4fMHAiM0V_v0HMg.XiBQPq5lWFTEbACBQ1MZl_tjHYdH_d9B9u8v-OXY4Nkg.JPEG.yeobdol/IMG_9188.JPG?type=s2
부산 맛집 : 해운대밀면 맛있네 맛있엉~~ #내돈 (광.고x),부산 맛집,https://blog.naver.com/asnymse/222688240605,부산 맛집에 너무 기대해서인지 아니면 저들로부터 너무 상세히 들어서인지 두 번째 먹었을 때도 '엥?' 기대했던 것보다 별로라고 생각했던... 부산 맛집 관련 업로드는 전혀 할 생각이 전혀 없었기에 모든 사진이 다 세로로 되어있당. 물론 이 포스팅이 광고가 아니기에 명함사진? 업체전화번호?... ,부산 맛집,https://blog.naver.com/asnymse,https://blogpfthumb-phinf.pstatic.net/20180911_153/asnymse_1536647847339aIzmu_JPEG/profileImage.jpg?type=s1,디엔,네멋대로 내맘대로,2022. 3. 31.,https://blogthumb.pstatic.net/MjAyMjAzMzFfMjU5/MDAxNjQ4NzIyODc5ODgx.jm0g7SeAL-v6ilrdJ-FFhl6uDSEInkGMwwJ8JGjtc8og.R15vZLAXhpxLU-wUTfMOuOiacuk00hUWACMHXUNuw7Qg.JPEG.asnymse/IMG_1038.jpeg?type=s2
[부산 맛집 추천] 밀양순대돼지국밥 본점 - 데려간 사람들 다 좋아했던 해운대 국밥 맛집,부산 맛집,https://blog.naver.com/lemonlime2/222822905589,"부산 맛집 추천 밀양순대돼지국밥 본점 제가 국밥을 별로 안 좋아하는데, 부산에 좋아하는 국밥집이 하나, 서울에 하나 있어요. 그 중 부산 국밥집... ㅋ 해운대 밀양순대돼지국밥 본점이에요 :) [부산 맛집 추천] 밀양순대돼지국밥 본점 - 데려간 사람들 다 좋아했던 해운대 국밥 맛집 영업시간... ",부산 맛집,https://blog.naver.com/lemonlime2,https://blogpfthumb-phinf.pstatic.net/MjAyMjA5MDdfMzcg/MDAxNjYyNDg0MjUyMTEz.jYZquAOU-3gWl9-pkVCVZG4tBuQ2WU2C1QZERCNY9OYg.KN2BNNtYlgfTx9nCBEZ3lfPIvPdj3Yn8QAS6XGQjuwYg.JPEG.lemonlime2/profileImage.jpg?type=s1,사다리,사다리 있는 호박마차,2022. 7. 21.,https://blogthumb.pstatic.net/MjAyMjA3MTlfMjA0/MDAxNjU4MTYwMjcwMjE0.PVi_q8OmiMS--fZQ4GKaqZe92fQkMfZeGyajDa4PhEwg.-ctyMPVORqd9o037ziw3I8k9hmjvJ_jUZaORoSOGXicg.PNG.lemonlime2/main3.png?type=s2
"[부산맛집] 데이트 맛집으로 좋은 메뉴가 많았던 곳,고향연화",부산맛집,https://blog.naver.com/anfrhrl788/222910024037,제대로 즐겼어요 그리고 여기 리조또 전복리조또였는데 고소한맛을 제가 좋아하거든요 진짜 고소함의 끝판왕 기장가서 고향연화 선택하시면 진짜 데이트 맛집으로 성공하실거에요 *전화번호 0507-1466-9008 #부산맛집 // #부산맛집추천 // #부산기장맛집 // #부산기장연화리맛집 // #부산여행,부산맛집,https://blog.naver.com/anfrhrl788,https://blogpfthumb-phinf.pstatic.net/MjAyMjAxMDRfNTgg/MDAxNjQxMjkxMjY5MTkz.M89fhuGNZOlqnHdj-LjiUhqCZSBaesj456eqll3DlA4g.WrCIDLQdKVNcZWR1t4CEYCT2X_LGNk9q2NhUKTaiMIMg.JPEG.anfrhrl788/profileImage.jpg?type=s1,봉이,봉이네 하루,2022. 10. 25.,https://blogthumb.pstatic.net/MjAyMjEwMjVfMzcg/MDAxNjY2Njc1MTkwMzQw.2fPa678crmtI5mQA9WB_uNcJYdv2BE7pkrIe4GeqSFYg.hxMF8eBatwQiQTzwR6wJC-33u4MN1RIPkKEFpw17HEMg.JPEG.anfrhrl788/IMG_3051.JPG?type=s2
부산역 불백맛집 불백쌈정식 부산맛집 ' 락원식당 ',부산맛집,https://blog.naver.com/wlsanswn123/222903697467,#부산맛집 #부산역맛집 #락원식당 #부산술집 #부산불백정식 #부산불백쌈정식 #부산역불백쌈정식 #부산역불백정식 락원식당 주소 : 부산 동구 중앙대로196번길 6-7 영업시간 : ????? 안나와있음 ☎ : 051-463-3800 안녕하세요 진실장 입니다 부산에 볼일있어 나갔는데 ㅎㅎ 배고파서 돌아다니다가... ,부산맛집,https://blog.naver.com/wlsanswn123,https://blogpfthumb-phinf.pstatic.net/MjAyMjA2MTZfMTY2/MDAxNjU1MzY3Nzk4NjYz.sVIY3W8rXdb2HLRGT_xwChvHqBTxbm6jELIkAmfkILAg.3R3VHSaf5m5MFCtth2uIE9tmAp2C5SKDS2GecD_9MZkg.JPEG.wlsanswn123/profileImage.jpg?type=s1,용원동 진실장,용원동 진실장,2022. 10. 19.,https://blogthumb.pstatic.net/MjAyMjEwMThfMTE2/MDAxNjY2MDc4NTYwNjEy.v9mnVZiTDDS-dMfMg-Ccc5fWHiPvuqBa_wYuxIDAsYog.lDpYkqK9A48efrTw_VHSa8e93xJGE8uheMnUxLxWtgkg.JPEG.wlsanswn123/KakaoTalk_20221010_134904856_05.jpg?type=s2
곱창전골 밀키트 부산 맛집 기승전골 간단캠핑요리 추천,부산 맛집,https://blog.naver.com/fromj402/222727066149,부산 맛집 기승전골의 밀키트예요. 곱창 친구 사누끼 우동면까지 깨알같이 챙겨서 보내어주는 곳. 깔끔하게 포장되어서 도착하기때문에... 별다르게 하지않아도 근사한 저녁한끼 가능하죠 :) 곱창전골 밀키트 부산 맛집 기승전골 간단캠핑요리 부산 맛집 기승전골 보글보글 끓여주면 됩니다. 그냥... ,부산 맛집,https://blog.naver.com/fromj402,https://blogpfthumb-phinf.pstatic.net/20200624_38/fromj402_1592924542746LOsxH_GIF/dreee.gif?type=s1,carolline,beautiful you,2022. 5. 10.,https://blogthumb.pstatic.net/MjAyMjA1MTBfMTUw/MDAxNjUyMTQ2MjA0Mzg5.v6ZnsFg8GUP7CEjCPyVawEW-uEvemOmnssXmLKt7sekg.XlM3zQGd9C4j9ZaKJCWIRTfVxLDB9aYuwjhXZ4xzii4g.GIF.fromj402/KakaoTalk_20220510_102323625_04.gif?type=s2
[부산맛집] 광안리 만두가 진짜 맛있는 / 만국두시,부산맛집,https://blog.naver.com/rere1130/222911840907,"♥️ 다음엔 비빔만두, 찐만두, 만두국을 .. 꼭 먹어보고 싶고 저녁에가서 군만두랑 맥주도 먹고싶어요ㅋㅋㅋ ♥️ 추천  오늘도 방문해주셔서 감사합니다 ♥️ #부산맛집 #부산여행 #광안리맛집 #부산만두맛집 #부산가봐야할곳 #만국두시 #부산칼국수맛집 #수영구맛집",부산맛집,https://blog.naver.com/rere1130,https://blogpfthumb-phinf.pstatic.net/MjAyMjAzMjdfMTIy/MDAxNjQ4MzcxMTgxMDI2.V8emtQFRjiOZBsjhXDrR3PZfhvLMGTgFOAkkw3ta820g.HFlmaJlYiei3_-9ztOxwJDEKm_z1g50zqgSw4SG2QaEg.PNG.rere1130/profileImage.png?type=s1,미뉴미뉴,쭈미의 일상,2022. 10. 27.,https://blogthumb.pstatic.net/MjAyMjEwMjZfMTIx/MDAxNjY2NzgyNDA1OTk1.PkbQ-aphzGnKCAcoKAzwOBXp4Eq7DjQHHG8rcx4VaSYg.u8oDVwgOiK5Oo6YT34Agmdn1Rr0KWzJzDfAe4bTCKXEg.JPEG.rere1130/IMG_3596.jpg?type=s2
[부산 맛집] 기장 대변항 토암 한정식/토암공원/토암 선비식당/토암공원,부산 맛집,https://blog.naver.com/star1373/222912874243,그리고요 여기에서 음악회도 한다고 하네요. 토암/토암선비식당/토암공원 한정식을 좋아하는 저에게는 맛집이었어요!!! #부산맛집 #부산기장맛집 #토암 #토암한정식 #토암선비식당 #토암공원 #기장토암한정식 #토암음악회 #토암공예 #기장맛집토암,부산맛집,https://blog.naver.com/star1373,https://blogpfthumb-phinf.pstatic.net/MjAyMDAzMjZfMjUx/MDAxNTg1MjI3MDE5Njg3.vLQyFElmxa-5209tpS-tTKmGZRInFM6prfxiSBoGUhUg.UJFWNvPfFzkZDhbuB0kxTsFjpphq6flVSegDJ5_a3uEg.JPEG.star1373/profileImage.jpg?type=s1,가이아여신,★ 가이아여신 ★,4시간 전,https://blogthumb.pstatic.net/MjAyMjEwMjdfNzAg/MDAxNjY2ODU3OTE1NjYx.noTQ1RsxjVBZO7yAlj2FWr0cPpI8f2y8OmWLF5ouqlIg.REXIuFBNcshiu1A1hDJ31SSEUTpisTikrCTHMYeaGuQg.JPEG.star1373/1666857913720.jpg?type=s2
[부산맛집/일광맛집] 백년우동,부산맛집,https://blog.naver.com/ckwkdrms/222671386934,"참조해주세요 :) ▲ 부산맛집, 일광맛집, 일광 우동집, 백년우동 일광앞바다 부근에 위치한 백년우동. 인근에 주차를 하고 가게로 들어서봅니다.... ▲ 부산맛집, 일광맛집, 일광 우동집, 백년우동 가게 실내에 들어서서 한 컷 담아봅니다. 4인테이블 3~4개 그리고 안쪽공간 등으로 구성되어... ",부산맛집,https://blog.naver.com/ckwkdrms,https://blogpfthumb-phinf.pstatic.net/MjAxODAyMTJfMTkg/MDAxNTE4NDM4MDYzMTc3.iXb2JEsk4E4ZKTARCXJFi_86DSMauNnFheW7WgCt6Iwg.vCi6ach9lvDeXnnJkxCUeAR68lRX7TKoHtih6FPKJcMg.JPEG.ckwkdrms/IMG_0692.JPG?type=s1,그니v,맛집과 카페를 사랑하는 부산남자의 블로그,2022. 3. 13.,https://blogthumb.pstatic.net/MjAyMjAzMTNfMjMy/MDAxNjQ3MTU0NDk4Mjkx.AEACZN57JP-Tz8OBYucy1RzsaygaPSWkaXgkJTHx3hUg.cprQLjaVcTw5o-Zg2DDC1nhEqJZg68zIx24wNdpsW2Ag.JPEG.ckwkdrms/20220225_190707.jpg?type=s2
부산맛집 정관맛집 자연산횟집,부산맛집,https://blog.naver.com/hyun2oo4/222636581160,#부산맛집 #정관맛집 #부산횟집 #정관횟집 #정관회배달 #자연산회 #아나고 #강도다리 #자연산도다리 #자연산참가자미 #오징어 #아나고 #대방어... 참돔 #우럭 #농어 #매운탕 #자연산가오리 #자연산쥐치 #해산물모듬 #해삼 #멍게 #개불 #낙지 #포뜬회 #횟집메뉴 #배달의민족횟집 #요기요횟집 부산맛집... ,부산맛집,https://blog.naver.com/hyun2oo4,https://blogpfthumb-phinf.pstatic.net/MjAyMjA5MjhfMTEg/MDAxNjY0MzcwMTk0MjA5.7v-Eb8qUI7liIeigb599BBUMLPRHll-DxgdkEqaKXpQg.hd1E8qBoyRcrr3A47knsM-qKARmTAEwkH4VUNnsKkKgg.JPEG.hyun2oo4/profileImage.jpg?type=s1,Sunny,Sunny의 하루,2022. 2. 1.,https://blogthumb.pstatic.net/MjAyMjAyMDFfMTc5/MDAxNjQzNzEzNjI1NDYz.YYGZ0cZdf_q1XlkEb0aFACSPkLtCl44brxmPtrvsFCUg.OaILQrdd59MCG96opSpCqkVNG78Bsk1uGTcV8KENwGsg.JPEG.hyun2oo4/SE-319d2664-c1bd-46e5-b806-bef1db86ae96.jpg?type=s2
기장맛집 부산장어구이 호돌이초장 부산장어구이맛집 부산맛집 일광맛집,부산맛집,https://blog.naver.com/dudgml1108/222807255350,#기장맛집 #부산맛집 #일광맛집 #장어구이 #호돌이초장 #기장밥집 #아나고 #붕장어숯불구이 #미에르 #미에르M본부 #부산기장 #부산장어구이 일요일 아침 급장어구이가 먹고싶어 (구별명 또치)jack이랑 아이들 데리고 기장에 장어구이를 먹으러 갔어요 어김없이 머리는 말리지않고 출발했어요ㅋㅋ... ,부산맛집,https://blog.naver.com/dudgml1108,https://blogpfthumb-phinf.pstatic.net/MjAxOTAxMjlfMTU1/MDAxNTQ4NzQ3MjE1NDAz.Mflf1Zw4NwDx_2db0HRWl2czw7mJAhNSL59fZePM8JMg.CJkzy77hfKylqta9-ML_nHwEhpVvSN_PdSUo7qi9DNkg.JPEG.dudgml1108/00.jpg?type=s1,오렌지,솔이맘의 일상~♡,2022. 7. 11.,https://blogthumb.pstatic.net/MjAyMjA3MTFfMTA1/MDAxNjU3NTEzMjE3Mjc1.4d6ipZu6mvgrPg5IxOG43O3RrqyZdfK4UQcVH-GvvJMg.fTUmy-PlozhSHl5LpTseE1KPNHkcLiCUfSDuySVp8JQg.JPEG.dudgml1108/1657511933636.jpg?type=s2
부산 맛집) 초량밀면 내돈내산 후기,부산 맛집,https://blog.naver.com/ysd0809/222905742616,아 부산여행 포스팅해야하는데 현생이 너무 바빠서 이제야 시작 그래서 간단히 올리겠습니다! 부산역에 내리자마자 처음으로 간 음식점! 우리의 점심식사! 초량밀면! 사람들이 엄청 많아서 대기를 했어요 ㅋㅋㅋㅋ 하지만 금방 자리가 나서 들어갔어요 회전율이 좋은 듯! 약 10분 정도 기다렸어요... ,,https://blog.naver.com/ysd0809,https://blogpfthumb-phinf.pstatic.net/20140514_104/ysd0809_140002769772124kYV_JPEG/IMG_1290.jpg?type=s1,다미다미,담스럽게 !,2022. 10. 20.,https://blogthumb.pstatic.net/MjAyMjEwMTlfMjEz/MDAxNjY2MTcxNTI5NzUw.I3cQcUMkFpSvzS5SYSJmyH6hiuM8l9cR8Z8D-mHNiaQg.nZNBHnn1h8FPD2mKefax7qMYP64mozvF9WIi5mS9yOMg.JPEG.ysd0809/IMG_5930.jpg?type=s2
부산 맛집｜해운대 암소갈비집 (ft. 추천 앱 테이블링 ),부산 맛집,https://blog.naver.com/ss_yi/222805212247,"나왔어요  소고기 귀신 만두랑 2인분밖에 못먹은게 참으로 안타깝지만  그래, 갓 튀긴 핫바도 참 맛있었겠지.. 삼진어묵도 부산의 명물이니까 뭐....  함께 볼만한 포스트 & #부산맛집 #맛집 #부산여행 #부산가볼만한곳 #부산 #부산여행코스 #해운대맛집 #해운대암소갈비집 #암소갈비집 #부산여행필수코스",부산맛집,https://blog.naver.com/ss_yi,https://blogpfthumb-phinf.pstatic.net/20150213_261/ss_yi_1423813850945sKCzq_JPEG/FullSizeRender.jpg?type=s1,쿵짝,"7살 만두의 성장기록 : 책육아, 홈스쿨링, 엄마표영어",2022. 7. 9.,https://blogthumb.pstatic.net/MjAyMjA3MDRfMTg1/MDAxNjU2OTM5ODM3NjI1.SqP7FaW2Z4H-T_JN_JPWP15YZU6oZEd4xx19FujkCXUg.dhyWcxRada-MRv9ReXl-l3tMrT5clrhCeX_0yjkErEQg.GIF.ss_yi/20220625%A3%DF195915%A3%DF1.gif?type=s2
<부산맛집/광안리맛집> 다양한 종류의 초밥을 즐길 수 있는 광안리 용이초밥,부산맛집,https://blog.naver.com/rldus7939/222912167602,다음 맛집에서 만나요~ 안녕 #부산맛집추천 #부산스시맛집 #부산초밥맛집 #부산광안리맛집 #부산광안리초밥맛집 #부산광안리스시맛집 #부산회전초밥맛집 #광안리회전초밥맛집 #광안리초밥맛집 #광안리스시맛집 #광안리회전초밥 #광안리용이초밥 #용이초밥,부산맛집,https://blog.naver.com/rldus7939,https://blogpfthumb-phinf.pstatic.net/MjAyMjEwMjdfMTc4/MDAxNjY2ODUyMzA3MjYz.ZhUFSTZoCMUYaJWfTTHa4N_qtFJaovW-fLCX9r_1tAUg.xCbTV6RQyCHTHPlB5r2Wt5T6SQpUx3C0BcQFWPpMXdog.PNG.rldus7939/profileImage.png?type=s1,겨니,잘 먹고 잘 사는 일상—̳͟͞͞♥,23시간 전,https://blogthumb.pstatic.net/MjAyMjEwMjdfMTY0/MDAxNjY2ODUxMDQ1Mjcy.D-lBQoV2TGU19J-wlYkMBVIEf2bqNa9c0e2LM7xEK3Ug.SzmDevvJIJ9D8LuxqwEN37IvbuDr12QV_21c4S8joE4g.JPEG.rldus7939/output_669560639.jpg?type=s2
부산맛집. 부산맛집추천. 범일동. 김치국밥. 겉바속촉. 생활의 달인,부산맛집,https://blog.naver.com/wjlove2008/222689296342,부산맛집. 부산맛집추천. 범일동. 김치국밥. 겉바속촉. 생활의 달인 오랜만에 부산 나가는길 마침 점심시간이라 예전 tv 방송에 나왔던 범일동의 식당에 가서 식사를 하고 왔습니다 김치국밥이 메인이고 칼국수도 있고 만두도 있고 메뉴가 단초롭게 딱 좋구먼.. 이 집 만두는 겉바속촉이 이런거구나... ,부산맛집,https://blog.naver.com/wjlove2008,https://blogpfthumb-phinf.pstatic.net/MjAyMjA0MTlfMjAy/MDAxNjUwMzU4NzI1MTg4.X6Mxy5c0k5CVKdJsaktljnIU6-RgAtOohIq0JvSP7uAg.yfF_CtSgZxadJYGwsK-qNAVxgYD1CYMQU7CLy3Uibrwg.JPEG.wjlove2008/profileImage.jpg?type=s1,오늘도 보통날,보통날,2022. 4. 1.,https://blogthumb.pstatic.net/MjAyMjA0MDFfNzUg/MDAxNjQ4ODE5ODY3NjQ0.QlWcaN_VeHFpKd4PAGEDYeGEvq5fsueG5v7ApDnVW-sg.2NbRom6ttEiHEVqum2oMF3qbhkEIsDQVDzUUh_Ew4nIg.JPEG.wjlove2008/IMG_20220401_132223_462.jpg?type=s2
부산맛집 추천 - 부산대 <이플다이닝> 코스요리 후기,부산맛집,https://blog.naver.com/9danmi/222907494692,다이닝 치고는 가격대가 크게 부담스럽지 않아서 한번씩 가기 좋은 것 같다 :) 이플다이닝 위치 이플다이닝 영업시간 런치 12:00~14:00 디너 19:00~21:00 이플다이닝 인스타그램 https://instagram.com/e.ple_dining #부산다이닝 #부산파인다이닝 #부산코스요리 #부산오마카세 #부산맛집 #부산대맛집... ,부산맛집,https://blog.naver.com/9danmi,https://blogpfthumb-phinf.pstatic.net/MjAyMTEwMzBfMjk4/MDAxNjM1NTg4ODU0MTM0.RD6nj3F5CEWt-QSQmtwOUCfAi679qvv1kKiIUQIIwZ0g.wEiGkamfs9z0lzce_CX2r5Ew-ZP3Z3xGPrGYR2QN-W0g.PNG.9danmi/profileImage.png?type=s1,구단미,Every Moment,2022. 10. 22.,https://blogthumb.pstatic.net/MjAyMjEwMTVfNzIg/MDAxNjY1ODA3Mzg1MDk4.l4OjsNGeutO4jaqSbjokxyHbKYkEDQhKI2ocB5-3DV4g.2eYQIa-_R3jB8BtTObG9Y_gjlty-P2u8L7eM5P51Jkog.JPEG.9danmi/IMG_8897.jpg?type=s2
"""가장 맛있는 족발 정관점""/부산맛집",부산맛집,https://blog.naver.com/torqh1/222910287549,#부산맛집 #정관맛집 #족발맛집 #가장맛있는족발 #족발 #족발정관집 #먹방 #부산먹방 #먹방일기 #부산맛집기록 #부산맛집추천 #맛집추천 #서이추 #서이추환영 #이웃 #이웃환영 #이웃추가 #소통 안녕하세요 맛집 블로거 로렌입니다^^ 오늘은 저녁으로 가장 맛있는 족발을 시켜보았네요~ 각종 쌈과 고추... ,부산맛집,https://blog.naver.com/torqh1,https://blogpfthumb-phinf.pstatic.net/MjAyMjEwMDZfMTAg/MDAxNjY1MDI1MjY3MDQz.A8XPPq1T3K5jZICbPxAxFsMd0JQ8uXfCfys49h-74_Ig.ObX8e5mSVyvUa6VNdvBNVr7NJx6sFHL65Ptwo71NNvEg.JPEG.torqh1/profileImage.jpg?type=s1,로렌,여행과 맛집 세상(ღ•͈ᴗ•͈ღ),2022. 10. 25.,https://blogthumb.pstatic.net/MjAyMjEwMjVfODMg/MDAxNjY2NjkwNzEwMDM0.D3sPpuH1wgodFrJW1XsvdQ3tdUbnb2-4m5Xd_jSKsr8g.eUWZsf1KFYM1ZCu-epYstOfZMrY7TetA73cM0VEjfp0g.GIF.torqh1/se%A3%DFone%A3%DFani%A3%DF20221025%A3%DF183823%A3%DFa.gif?type=s2
부산맛집 해운대맛집 해운대가야밀면 생각나는 맛,부산맛집,https://blog.naver.com/parkhdudixybk/222828075196,부산맛집 해운대맛집 해운대가야밀면은 워낙 인기가 많은 곳이라 웨이팅이 있을 수 있지만 다행히 회전율이 빨라서 금방 들어갈 수 있었답니다. 부산맛집 해운대맛집 해운대가야밀면은 다들 메뉴 세가지를 시키더라고요! 그래서 저희도 물밀면 + 비빔밀면 + 만두 세가지 메뉴를 다 시켰답니다.... ,부산맛집,https://blog.naver.com/parkhdudixybk,https://ssl.pstatic.net/static/blog/blank.gif,parkhdudixybk,parkhdudixybk님의블로그,2022. 7. 25.,https://blogthumb.pstatic.net/MjAyMjA3MjVfNTkg/MDAxNjU4NzMyMjQyNjM0.UO2kdM24a0OGlEKdh4OHZTGb_Ql04I9s_UJL7Ef-R1Ag.-7qvZiVMr33swOgFC92awRONbFjfxxB7gz8uYiJd740g.JPEG.parkhdudixybk/1.JPG?type=s2
"하얀오징어집 (부산맛집, 해운대맛집)",부산맛집,https://blog.naver.com/raim282/222363906901,해운대 맛집 다 가보신분들은 여기도 후회없으실꺼예요 부산 해운대 맛집으로 강추 드립니다 협찬 노노 내돈내산 입니다 https://coupa.ng/b0efMo #해운대맛집 #부산맛집 #부산여행 #하얀오징어집 #하얀오징어집해운대점 #해운대하얀오징어집 파트너스 활동을 통해 일정액의 수수료를 제공받을 수 있음,부산맛집,https://blog.naver.com/raim282,https://blogpfthumb-phinf.pstatic.net/MjAyMDAzMjFfMjEz/MDAxNTg0NzUyODE3NTc2.e6sdMFKDi77x_T8SVHkGtLC2Hsy9OV3qlRQCmP7q0U4g.oJwprcVAX_1QB8jrmXFhyTDKITCQmwDYLKqrMkbt5G4g.PNG.raim282/profileImage.png?type=s1,Raim,둥실둥실 두둥실,2021. 5. 24.,https://blogthumb.pstatic.net/MjAyMTA1MjRfMjM1/MDAxNjIxODI1ODcxNzkz.ip5ZS4SlpMMWuVtJBetfLv67vRgc7NHOtyF0hqqb7xAg.7ThXLeRvlSMTy6uch1KmSX7a97gwxQ1o_C01lAWy-3Eg.JPEG.raim282/IMG_1809.jpg?type=s2
[부산맛집/서면맛집] 진한 육수가 매력적인 제따라멘 서면점! (내돈내산),부산맛집,https://blog.naver.com/dung84/222667215530,오랜만에 올리는 부산맛집이네요~ 코로나19로 인하여 외출을 자제하다보니 외식 또한 적어지고 있는거 같아요. 그래도 역시 맛집은 사람들이 바글바글 ㅎㅎ 오늘은 제따라멘 서면점에 방문했습니다! 제따라멘 간판 이전에 서면 근처 구경하다가 두번 정도 방문했었는데 웨이팅이 너무 길어서... ,부산맛집,https://blog.naver.com/dung84,https://blogpfthumb-phinf.pstatic.net/MjAyMjA0MTJfMTY4/MDAxNjQ5NzQ1NzQ4NDg5.N9-FmzkZ6tS92_8BrIvIHtnjJZLg9miEuGgqxOXV3dkg.oKMgqQQYW7A3fUpsfRyisQbd2CxT0ZYyMHcJApNt3OMg.JPEG.dung84/okinawa2.JPG/okinawa2.JPG?type=s1,덩이,덩이의 맛있는 여행,2022. 3. 8.,https://blogthumb.pstatic.net/MjAyMjAzMDhfMjA2/MDAxNjQ2NzI2MTg5MTMy.K364GccREz4AkxglgDWpYC56z1z03w2tSR5FK3Tgqk4g.fP_ondc6HNLNO-w-eUvESC4pLw37407c0VJx4Jeawg0g.JPEG.dung84/KakaoTalk_20220308_161829649_04.jpg?type=s2
부산맛집 진국명가  카야토스트,부산맛집,https://blog.naver.com/gosu32/222892999688,부산맛집 공유 이거먹으러 다녀옴 여기 찐 맛집 인정 부산대 데이트가 있으시다면 여기로 고고고 근사하고 고급 지진 않아도 대패가 땡긴다면 강추 우리는 철판파 삼겹과 무한리필 항아리수제비 수육백반 주세요 !!!!!!!!3인분 시킴 ㅋㅋㅋㅋ 수육보단 철판파 삼겹이 더 맛있었음  여기 깍두기 맛집... ,부산맛집,https://blog.naver.com/gosu32,https://blogpfthumb-phinf.pstatic.net/MjAyMTEyMDRfMTg4/MDAxNjM4NTg5NzI1ODI4.2sG0c4GSFq81ry__m7DllwJlGfByjr-2eLKwVFqjX2Qg.atuIS-IEqABn0-HqEnw4nlvAa7qf3qKlufdlQQgktQkg.JPEG.gosu32/profileImage.jpg?type=s1,소소한일상,nothing better,2022. 10. 6.,https://blogthumb.pstatic.net/MjAyMjEwMDVfNjUg/MDAxNjY0OTI3MDg1ODg5.1Z6U_NFtV59Ik-y70QHEuSlP3V_PgmBu0Tdr59mXeC0g.NonECtpM7KSqZLOlqBW-k0eNU46uDbeVsmGovYtPNkcg.JPEG.gosu32/20221004%A3%DF212226.jpg?type=s2
"부산 맛집, 부산여행 중 먹은 것들",부산 맛집,https://blog.naver.com/parangusl_/222269927859,"부산 맛집 밀면 부산에 밀면집 정말 많죠? 초량밀면, 할매가야밀면, 가야밀면, 개금밀면, 국제밀면 등. 밀면은 밀가루에 전문을 섞어 만든 면이... 부산 맛집 인정!  부산여행코스 7, 송도부터 해운대까지  어묵 속에 유부보따리가 숨어 있어요  3. 속시원한대구탕 부산여행 가서 술 마신 다음날, 아침... ",부산 맛집,https://blog.naver.com/parangusl_,https://blogpfthumb-phinf.pstatic.net/MjAyMDA4MTJfMjk4/MDAxNTk3MjAwNjk2ODI0.zjiSKYTquDKGfKbwAflkAn4YYlmEF8N94ZvNj9NwjUAg.42RTg1OepKMp7ZB5IUBqIVGR_8l5o2IAJ13ZXWhOgL0g.JPEG.parangusl_/00.jpg?type=s1,안혜연입니다,당신의 일상은 안녕한가요?,2021. 3. 13.,https://blogthumb.pstatic.net/MjAyMTAzMDlfNzYg/MDAxNjE1MjkxMDIyMzAw.A6rZ4Ws7MecBSvgLlQ5kjSKFyK4S87g9ni-X2Y9ACdgg.UGF-x3FrME0XCHLNd1NRASd3jUh0Q3sVuM9Ey2dh1GEg.JPEG.parangusl_/%BA%CE%BB%EA_%B8%C0%C1%FD%2C_%BA%CE%BB%EA%BF%A9%C7%E0_%C1%DF_%B8%D4%C0%BA_%B0%CD%B5%E9_%B9%D0%B8%E9_%283%29.jpg?type=s2
"<사하맛집/당리맛집> 화로구이 ""톤보"" 아는사람만 아는 최고의 부산맛집/퀼리티좋은... ",부산맛집,https://blog.naver.com/h040575/222735145864,먹빵가이드...아주 많이 칭찬합니다..ㅎㅎ 짝짝짝 #톤보 #사하구맛집 #당리역맛집 #부산맛집 #부산소고기맛집 #부산화로구이 #부산화로소고기 #초성루 #혼술하기좋은초성루 #부산맛집추천 #부산유명한맛집 #동아대맛집 #부산톤보 #톤보메뉴 #톤보소고기 #랑비맛집 #당리역참치전문점... ,부산맛집,https://blog.naver.com/h040575,https://ssl.pstatic.net/static/blog/blank.gif,랑비,나의 인생 드라마~,2022. 5. 17.,https://blogthumb.pstatic.net/MjAyMjA1MTZfMjI2/MDAxNjUyNjM1NTQwNzc5.fvm8NCdtSujLsPHy-7kLgV1jRWXC91hCEvjuMPoVwJMg.EWT68agHbnLEARvKVmm9hGQiXuLXwLnsoRd_ev37M5cg.JPEG.h040575/20220512%A3%DF160209.jpg?type=s2
부산맛집 부자집 돼지국밥 강서구,부산맛집,https://blog.naver.com/hongjoo103/222857417054,부산맛집 강서구맛집 부자돼지국밥 부산 강서구 공항로791번길 11 매일 6시 - 21시 ***-***-**** 주차가능 부산 김해공항 근처 돼지국밥 근처 지나가는데 빠르게 호다닥 먹을 수 있는 메뉴선택 바로 돼지국밥 부자집돼지국밥 전용주차장 뒷편에 마련되어 있어요 메뉴랑 금액 확인하시구요 저희는... ,부산맛집,https://blog.naver.com/hongjoo103,https://blogpfthumb-phinf.pstatic.net/MjAxNzA1MDFfMTEz/MDAxNDkzNjM1NjcxMjYz.RJ1MLQK3KT8mNbD3OVUhnx7ooVPn3gbzoHdnT5GQnnIg.Hon1dSBLQ-VKHzxXxKXZQ1j5JzLP0ORLeBLcQKvBYSYg.JPEG.hongjoo103/profileImage.jpg?type=s1,홍삼,홍삼이네,2022. 8. 25.,https://blogthumb.pstatic.net/MjAyMjA4MjRfMTI3/MDAxNjYxMzQ5OTMyNTk4.QFUyFoN84cXykxOfrx4cQ-eFvtgXmRLFhwEcLTHzEicg.aqoNsK1laQSIBg-3jG8bRx-oxjQsI_dXPeCuE6tI1CQg.JPEG.hongjoo103/IMG_2047.jpg?type=s2
부산맛집  해운대 사계언양불고기,부산맛집,https://blog.naver.com/jea3420/222596908322,"부산맛집 해운대 사계언양불고기 벌써 이거 임시저장 해놓은지가 여름~! ㅎㅎ 한우 언양 불고기 먹으러, 해운대로! 맞은편이 바로... 사계 한우 언양불고기는 간판 찍다보니,,엘시티가 보이네요^^ 다 먹고 나왔는데, 속도 안아프고, 여기 부산맛집 해운대맛집이 맞네요^^ 보글보글 언양불고기... ",부산맛집,https://blog.naver.com/jea3420,https://blogpfthumb-phinf.pstatic.net/20140211_140/jea3420_1392106033567lBj9D_JPEG/268-1.jpg?type=s1,메이드인으나,"감성블로그, made in eeeena",2021. 12. 16.,https://blogthumb.pstatic.net/MjAyMTEyMDRfMTI5/MDAxNjM4NTk1MjM5NzM0.51MUVNEF3NmOlMdFJCp9W8aclaNH1HWiSpoiPwFhoVgg.E0aDV-vr9U7h0uRo-cAdIbGo9hZmGs4kckdCFPBWc2Ag.JPEG.jea3420/IMG_0155.JPG?type=s2
[부산 맛집] 힙한 공간에서 피맥 즐기기 딱 좋은 전포 맛집 '돕피',부산 맛집,https://blog.naver.com/fpfkdi3/222912096961,"일찍부터 해서 낮피맥 손님들 많으니 웨이팅 항상 주의하세욥 지니쀼 한줄평 -독보적인 힙한 분위기의 피자집으로 데이트하기에도, 친구끼리 피맥하기에도 좋은 가성비 피자맛집 #부산맛집 #부산피자 #부산피자맛집 #전리단길 #전포피자 #전포동피자 #부산데이트 #부산힙한맛집",부산맛집,https://blog.naver.com/fpfkdi3,https://blogpfthumb-phinf.pstatic.net/MjAyMjA4MTVfMjYy/MDAxNjYwNTc0MDI5NDU4.Vx4OCwctA2almm8tHJfac8jjVr4SwKxs9LsPrfi-jTMg.xpvISH46RRz5bbN1ys8CuKmMO5r2etceCMn_WxKdUeMg.PNG.fpfkdi3/profileImage.png?type=s1,지니쀼,놀고먹는지니쀼,2022. 10. 27.,https://blogthumb.pstatic.net/MjAyMjEwMjZfMjMx/MDAxNjY2NzY3ODY1MjE0.xpnlmpcUX14_-s6eW5hovimMHZS4VROCYfZdiofWKCkg.IbkuTTAIxIKDl_S67K0Tq2HqdIgeYDifyEfisW3RjT0g.JPEG.fpfkdi3/IMG_3379.jpg?type=s2
부산맛집ㅣ웨이팅필수 꼬치집 광안사카바,부산맛집,https://blog.naver.com/nevr1215/222903051174,다찌형태라 소규모로 도란도란 얘기하며 가볍게 ! 대신 맛있게 ! 드실분들 추처니 #부산맛집 #광안리맛집 #광안리꼬치 #광안리이자카야 #민락동맛집 #서이추 #이웃환영 #광안사카바 별첨 ✨ 먹고 숙소 들어가기전 본 광안대교 야경 부산..좋아..진짜..❤️ 갑자기 힐링돼 김콜라 이번주 으쌰 !,부산맛집,https://blog.naver.com/nevr1215,https://blogpfthumb-phinf.pstatic.net/MjAyMjA3MzFfNjgg/MDAxNjU5MjY4NzI4NTQ3.A8AmlhnToKL_A4lPvMvLbNMejcFuRoRd9jMpiMsIUicg.ciAsS49S5FHG4yNXaUKeeBqZNv06HTDyhcxpDRb8oX8g.PNG.nevr1215/profileImage.png?type=s1,김콜라,콜라의 놀고 먹기,2022. 10. 17.,https://blogthumb.pstatic.net/MjAyMjEwMTdfMTYy/MDAxNjY2MDE0OTgyMjk0.-jG9s-cM0Z19RWqE6StnDUHRUpdNY51bItCPjNuQARog.5tgZbhMSusRHpg6U4I2GAqFMmAThgEF-S09kFWq0Aikg.JPEG.nevr1215/IMG_2862.jpg?type=s2
부산맛집 토끼정,부산맛집,https://blog.naver.com/hyun2oo4/222645976639,#토끼정 #토끼정아울렛점 #토끼정서면점 #치즈돈까스 #카레맛집 #토끼밥상 #덮밥 #부산맛집 #기장맛집 #정관맛집 #아울렛맛집 #서면맛집 #센텀맛집 #큐브스테이크 #바질새우크림파스타 #명란크림파스타 #날치알크림우동 #트러플머쉬룸오일파스타 #카레우동 #스테이크카레 부산맛집 정관맛집 기장맛집... ,부산맛집,https://blog.naver.com/hyun2oo4,https://blogpfthumb-phinf.pstatic.net/MjAyMjA5MjhfMTEg/MDAxNjY0MzcwMTk0MjA5.7v-Eb8qUI7liIeigb599BBUMLPRHll-DxgdkEqaKXpQg.hd1E8qBoyRcrr3A47knsM-qKARmTAEwkH4VUNnsKkKgg.JPEG.hyun2oo4/profileImage.jpg?type=s1,Sunny,Sunny의 하루,2022. 2. 12.,https://blogthumb.pstatic.net/MjAyMjAyMTJfNDIg/MDAxNjQ0NjczMzI2Nzg3.ei24LMP3wZTzYTCmZtQwUYSWIEC12jVVfxP_Qi9S34Ug.-ulVhFLX42W8Pri7yw5nzC6nR9IUUHcpbyqopfTX7gwg.JPEG.hyun2oo4/1644670697296.jpg?type=s2
[부산맛집] 가성비 좋은 다이도코로,부산맛집,https://blog.naver.com/wodud5140/222872072950,안녕하세요~~ 제가 오늘 소개드릴 곳은 부산 수영구에 위치한 부산맛집이에요!! 부산맛집인 다이도코로는 금련산역 5번 출구에서 433m 거리에 위치하고 있답니다!!! 이렇게 부산맛집 다이도코로는 2층에 위치하고 있어요!! 5번 출구에서 스타벅스쪽으로 내려오시다가 횡단보도 건너셔서... ,부산맛집,https://blog.naver.com/wodud5140,https://blogpfthumb-phinf.pstatic.net/MjAyMjA3MDZfMiAg/MDAxNjU3MDcyNjkxNzIy.RsJZS6y1Cldk1kcGsLsp4ZcLXEPMaomtg1I2A3YnFDMg.tFKXcbG-4SdU2b50UG_wxdKcHcH5gy1K9TR_makWhJgg.JPEG.wodud5140/%25ED%2598%2584%25EC%259A%25B0%25EC%25A3%25BC083_%25EC%259D%25B8%25EC%25B2%259C%25EC%2595%2584%25EA%25B8%25B0%25EC%2582%25AC%25EC%25A7%2584_%25EB%258F%258C.jpg/%25ED%2598%2584%25EC%259A%25B0%25EC%25A3%25BC083_%25EC%259D%25B8%25EC%25B2%259C%25EC%2595%2584%25EA%25B8%25B0%25EC%2582%25AC%25EC%25A7%2584_%25EB%258F%258C.jpg?type=s1,wodud5140,째째의 공간,2022. 9. 11.,https://blogthumb.pstatic.net/MjAyMjA5MTFfMTEg/MDAxNjYyODkxNTAxODYx.3n4-DUA9Fl_-wswWWeMWS0myio9JFCafGs93TKfpeQog.7DZB2b7dOcHFbCpkxh-0GtFBD3RMNLVbnotP8NNEd_Mg.JPEG.wodud5140/20220831_160331_026.jpg?type=s2
부산 맛집 :: 광안리 맛집 광안목. 144일 드라이에이징 숙성목살전문,부산 맛집,https://blog.naver.com/yu__bb/222814754793,빈이에요 :-) 이번 포스팅은 #광안리맛집 #부산맛집 #부산고기집 #광안리고기집 #광안리목살 #광안리핫플 #광안리데이트 #광안리숙성돼지고기 #광안리광안목 #광안목 입니다. 줄 서서 먹는 핫플이라 오픈 시간 맞춰 가는 중에 아직 45분인데 뭐야뭐야... 벌써 줄서 얼마 전에 광안리 일상 마지막에... ,부산맛집,https://blog.naver.com/yu__bb,https://blogpfthumb-phinf.pstatic.net/MjAyMjEwMDhfMjI2/MDAxNjY1MjA4MDg3ODc3.SARjFCOhPaY0NfUVrJI71IjOonTSp7Lp9q4wHboeWzgg.21W13TRugQBzjO3ocLGREVBdFn-zCgR6bVp1bnq8i1Eg.PNG.ehrxmr13/profileImage.png?type=s1,빈이,"솔직한매력, 빈이의 먹'log",2022. 7. 17.,https://blogthumb.pstatic.net/MjAyMjA3MDVfNzMg/MDAxNjU3MDAwOTk0Mjgx.shGr6Ps8qBA3FW8xuDmFxAwr2bLUYuS-9bMh3RqEErMg.bNg7R_fZ11fLO-BEwqNkPpfvLyHTDBfTdibfRjyj-Q0g.JPEG.ehrxmr13/IMG_4026.jpg?type=s2
부산여행 부산맛집 부산역차이나타운 중국집 화교대반점 점심특선,부산맛집,https://blog.naver.com/kyushu_blog/222644381321,ㅎ #부산여행 #부산맛집 #부산역차이나타운 #중국집 #유산슬맛집 #화교대반점 #점심특선 입니다. 부산역앞 차이나타운에는 맛있는 집들이... 부산맛집 부산역앞 차이나타운 중국집 화교대반점은 유산슬과 깐쇼새우 맛집입니다. 짜장면도 좋아요. 추천합니다. 이 집 제 점수는요. 전체적으로 하트... ,부산맛집,https://blog.naver.com/kyushu_blog,https://blogpfthumb-phinf.pstatic.net/MjAyMjAxMDJfOTAg/MDAxNjQxMDQ5NDYwNTA1.WUzPLw_t2vHizjUIvIfYNy6LSyWcSHNIKTn85-08_kcg.JkCQB2e9HMEfpzMp-1uJdbWjFf2ok0wIshw0LkH8m0Ug.JPEG.kyushu_blog/profileImage.jpg?type=s1,타비짱,♥ 타비짱의 규슈블로그 ♥,2022. 2. 11.,https://blogthumb.pstatic.net/MjAyMjAyMTBfMjkx/MDAxNjQ0NDk3MjA0Mzg5.8voer3fg4lzFw9zS5YiyyolgbhYGxRFBNc91XcryU4og.Exom02fb_ug7PMEEG3EgxVuzqE6AG2l2QuCHyt4czAog.JPEG.kyushu_blog/image535708620078815575220220209%EF%BC%3F143223.jpg?type=s2
부산맛집 구포 금용만두,부산맛집,https://blog.naver.com/hongjoo103/222849485200,부산맛집 구포맛집 금용만두 군만두 부산 북구 구포만세길 75 구포우체국 10시 30분 - 20시 30분 매주 화요일 휴무 051-332-1261 구포역 맞은편 금용만두 개인적으로 여기 군만두 좋아합니당 ㅋㅋ 금액은 올랐어요 ㅠ 요즘 물가가 오르니 같이 올랐나봐용 ㅠㅠ 금용만두에 대한 소개와 안에... ,부산맛집,https://blog.naver.com/hongjoo103,https://blogpfthumb-phinf.pstatic.net/MjAxNzA1MDFfMTEz/MDAxNDkzNjM1NjcxMjYz.RJ1MLQK3KT8mNbD3OVUhnx7ooVPn3gbzoHdnT5GQnnIg.Hon1dSBLQ-VKHzxXxKXZQ1j5JzLP0ORLeBLcQKvBYSYg.JPEG.hongjoo103/profileImage.jpg?type=s1,홍삼,홍삼이네,2022. 8. 16.,https://blogthumb.pstatic.net/MjAyMjA4MDVfMjA1/MDAxNjU5Njk2ODMyOTYw.HZOw9ziCGaQ2NC94qAi9xabyYscTBXmUZvwyP0j-jnMg.rpfRdkaR6j0fytsTuKD6SFngapLnMvuFonyLw3PHrY0g.JPEG.hongjoo103/IMG_1278.jpg?type=s2
[부산 맛집/부산 송도 맛집]해물나라 총각집,부산 맛집,https://blog.naver.com/ariel6234/222661835805,#부산여행 #부산맛집 #부산에서방구하기 #부산조개구이맛집 부산 송도 맛집 지난번에 언니가 집구하러갔다가 발견한 부산 송도해수욕장 주변 조개구이맛집. 조카가 조개를 싫어하는데 여기서는 무쟈게 잘먹었다는^^ 찐 부산 송도 맛집을 소개한다. 송도해수욕장 호텔쪽에서 2킬로정도를 걸어... ,부산맛집,https://blog.naver.com/ariel6234,https://blogpfthumb-phinf.pstatic.net/20120924_269/ariel6234_1348414794885_IJ3204_jpg/2012-06-23+11.02.00.jpg?type=s1,에리얼,인어공주 에리얼의 블로그입니다,2022. 3. 2.,https://blogthumb.pstatic.net/MjAyMjAzMDJfMTg1/MDAxNjQ2MTk4MTc3Nzky.BjOkucbyjRR0_u4lF2_C5Q5HDVv76Miy7LueON6fmoIg.igeeeinOOnNUTFM6StkZGiHLafwAAvH8l5DJjhvESEQg.JPEG.ariel6234/20220224%A3%DF140319.jpg?type=s2
부산여행 부산맛집 먹방여행 부산먹거리,부산맛집,https://blog.naver.com/ksy7298/222792320243,각자 식성이 다 달라서 뭔가 공통분모를 찾기 어려웠지만 부산맛집을 찾아보며 각자 꼭 먹어보고 싶은것들을 하나씩 모아 가보았습니다 여행이... 부산여행 부산맛집 먹방여행 부산먹거리였습니다. 와이프 밥해주다 책까지 출간한 두사람식탁 쉽고 간단하면서 낭비없는 집밥을 만들고 싶으신... ,부산맛집,https://blog.naver.com/ksy7298,https://blogpfthumb-phinf.pstatic.net/MjAyMjA3MTZfNzYg/MDAxNjU3OTgyMzA5ODQ4.DTwUIzCKAc2P1MLfLzPLBbm4AmkS79o-WTfhEg9YUB0g.J8CLvYydOoO83mE8JmB8_wvp_P6d5LuHc_jna4i5jwog.PNG.ksy7298/%25ED%2591%259C%25EC%25A7%2580.png/%25ED%2591%259C%25EC%25A7%2580.png?type=s1,두 사람 식탁,두사람식탁,2022. 6. 29.,https://blogthumb.pstatic.net/MjAyMjA4MjNfMjQ3/MDAxNjYxMjM0Nzg5NzMw.HdnV5lkMyw2asNn1JPxktds9obnKclWGSicI3_P1VBYg.BYGUL97wKCUFZZTPz68xvZhXoArwZ26WxywyvyyeDVog.PNG.ksy7298/%C8%AD%B8%E9%BB%E7%C0%CC%C1%EE-01.png?type=s2
"[부산맛집]고옥,광안리끄티집,밀면 냠냠 실패가 없었다.",부산맛집,https://blog.naver.com/soo_ji9015/222674438070,"부산 맛집 탐방 1. 고옥의 장어덮밥 2. 광안리 끄티집의 소고기말이찜 3. 광안리 어딘가에서 팔던 밀면집 고옥은 교수님이 꼭 가봐야한다고 무조건 먹어야하고, 여태 다녀본 맛집 중에 원탑이라해서 가본 곳 이였어요 평일이여서 웨이팅도 없이 바로 착석 후 식사를 했었다쥬 근처 주차장에서... ",부산 맛집,https://blog.naver.com/soo_ji9015,https://blogpfthumb-phinf.pstatic.net/MjAyMDExMjNfNTgg/MDAxNjA2MTM1MjA2OTI3.aFV26fFcqURRqAhjKkgtDYVIfvbnz9gyy5eOdZj_fFIg.Zz5HXf38FgTOboX0HM_d_M_KNFcYKW24djpuRnHjYPcg.JPEG.soo_ji9015/profileImage.jpg?type=s1,쑤,쑤의 사부작쑤부작's♥,2022. 3. 20.,https://blogthumb.pstatic.net/MjAyMjAzMTZfOTgg/MDAxNjQ3NDE2NTg3ODg1.u-vNgHbGa_BXLSjb_FLXz0GMIOzYB70H3cTRRH25N7Ig.8Lo9PEjVDsylS7LHJ9JLZaE8BH1Ezh96LIj6BH-8nuEg.JPEG.soo_ji9015/KakaoTalk_20220315_100825453_03.jpg?type=s2
부산여행에 절대 빠질 수 없는 부산맛집 국제밀면!,부산맛집,https://blog.naver.com/lettertoell/222861253789,하는데요 부산맛집 국제밀면에서 판매하는 밀면은 원기를 복돋아 주어 더위에 지친 몸을 보호해 줄 수 있다고 해요 냉면에 비해 면이 쫄깃하고 질기지 않아 남녀노소 누구나 즐길 수 있는 부산맛집 국제밀면! 또 칼로리도 낮아 다아어트에도 좋다고 하네요 이렇게나 많은 효능과 맛 모두 잡은... ,부산맛집,https://blog.naver.com/lettertoell,https://blogpfthumb-phinf.pstatic.net/MjAyMTA3MjhfMzgg/MDAxNjI3NDc0NjM0MTYy.gYHk8aEDE9cEf0NWyviRBHDvaAGGo8aIXrMtUDdmk3kg.C8jZzcJQwdfBPdhuAMzyF1eTFWrJ5Z4lUJMvnOeDkE4g.JPEG.lettertoell/%25ED%2594%2584%25EB%25A1%259C%25ED%2595%2584.jpg?type=s1,BY,BY PARTNERS｜F&B Global Consulting,2022. 8. 29.,https://blogthumb.pstatic.net/MjAyMjA4MjlfMTM5/MDAxNjYxNzU2NDUwOTE0.Gc1Kzs5s5nWt8OMy-fWoGT4wzhywBKZptIm92D74niUg.jz4YGJpDDYKh0RVYvGqh3AhfqWcyyPEuBYTb-c1PMnkg.JPEG.lettertoell/IMG_3216.jpg?type=s2
광안리술집 천만관객 찐으로 추천하는 부산맛집,부산맛집,https://blog.naver.com/unik34/222911753331,부산 광안리 술집 천만관객 찐으로 추천하는 부산맛집 부산 여행 둘째 날. 광안리에서 술을 마시기로 했답니다. 어디로 갈지 고민하다 찾아간 곳은? 길가에 있던 천만관객이라는 부산 광안리 술집 이었어요 ~~~ 천만관객은 제가 부산에서 갔던 술집 중에 단연 정이 많이 가고 만족스러웠던... ,부산맛집,https://blog.naver.com/unik34,https://blogpfthumb-phinf.pstatic.net/MjAyMjA0MTJfMjg1/MDAxNjQ5Nzc0NTI4NzU4.GWu7fTyD-rx2c9Gk8XuBOWmumcbb4DAhMSYrtTU3tXMg.iOS_-_cdNYBGFBdP371jGEXzcc8hmVulVyc3kJFg7eYg.PNG.unik34/profileImage.png?type=s1,바나나울,바나나울 일상 기록실,2022. 10. 27.,https://blogthumb.pstatic.net/MjAyMjEwMjdfMjU2/MDAxNjY2ODAxNjI4NTkx.50TdRzsWDaLYH6f2CVpzzgAhHLf6k8XSyub4sl2FC-Qg.iYtJQjPLo0B1xmv92VYc6Fo-NVqtMDre5_C2h4u-izUg.JPEG.unik34/IMG_7015.jpg?type=s2
넓고 쾌적한 부산맛집 해운대가야밀면에서 한끼 식사,부산맛집,https://blog.naver.com/kimhjiygtgga/222907835878,부산맛집이라는 이유를 알겠는게 사실 메인메뉴도 맛있지만 온육수 부터 진하고 깊은 국물맛이 나더라고요! 기본으로 나오는 온육수부터... 양념장을 가득 올려주셨기 때문에 간도 딱 맞고 적당히 자극적이고 부산맛집만의 매력이 느껴지더라고요. 제가 매장에 방문했을 때 살짝 귀기울여... ,부산맛집,https://blog.naver.com/kimhjiygtgga,https://ssl.pstatic.net/static/blog/blank.gif,샤방샤방,샤방샤방,2022. 10. 23.,https://blogthumb.pstatic.net/MjAyMjEwMjNfMjU1/MDAxNjY2NDkzNDIzNTM0.IIMNrEQE6sKYJTJ4Ft-fNeEMS1XVJt_UOrswx0PSx8wg.aT0kllCjwf9-UX6S_FTLEOWU-rO8PIU4GTnmUbXdjFEg.JPEG.kimhjiygtgga/1.jpg?type=s2
[부산맛집/사상역밥집] 사상역 부근 회전초밥 간단하고 든든한 식사 용이초밥사상점,부산맛집,https://blog.naver.com/mindlere86/222887567252,[부산맛집/사상역밥집] 사상역 부근 회전초밥 간단하고 든든한 식사 용이초밥사상점 용이초밥사상점 부산광역시 사상구 광장로 79 / 2층 현재는 부산-마산선 공사중으로 앞에 지하철 엘리베이터를 사용하실 수 없게 막혀 있습니다. 그렇지만 사상역과 김해경전철 2번 출구 근방이라 사상역 근처에서... ,부산맛집,https://blog.naver.com/mindlere86,https://blogpfthumb-phinf.pstatic.net/MjAyMTEyMTRfMiAg/MDAxNjM5NDg2OTMzNTk2.rws-57II70X1a9jbpxs8CePikVwE2CHChD8VnJlyodYg.CLOXNK815CfqipXYEtMKkvHgY7Cwb8shDGn9bvoBXYgg.JPEG.mindlere86/KakaoTalk_20211211_131132544_07.jpg?type=s1,윤플래너,윤플의 웨딩의 품격,2022. 9. 29.,https://blogthumb.pstatic.net/MjAyMjA5MjlfMjY0/MDAxNjY0NDM2NTU1NDU2.8C-bUBWOF0-r0-qjuEpBWIaggYNJw6rLaSfMqX4_tMYg.VXrXa_qb-b2VoFUyrs0_ToXklKTQNboLy_57hIMamiAg.JPEG.mindlere86/IMG_1735.jpg?type=s2
[부산 맛집 012] 기장 전복죽 맛집 기장끝집,부산 맛집,https://blog.naver.com/hyeji_312/222883725498,"새로운 카페로 부산 맛집 013을 포스팅하기 위해 더이상 미룰 수 없어진 기장끝집 후기^.^ 기장끝집은 전복요리를 파는 식당이다. 이름처럼 상당히 멀리.. 기장 끝에 있습니다 ^^ 길 잘못 들면 포항도 가겠어? 기장끝집 본점/아난티점 2개 운영 중이고, 송도끝집과 청사포등대끝집도 같은 곳인 듯?... ",부산 맛집,https://blog.naver.com/hyeji_312,https://blogpfthumb-phinf.pstatic.net/MjAyMTEwMjhfOTAg/MDAxNjM1MzU2NzY3MTc1.OH6OcLFD2swQ3KNaXrxuZgggnGnRSoo2ef79XDJ2UkAg.bbugNJb38NL9TG-hfRRhi1KGoKp5VgUZai9DXpiKDBYg.PNG.hyeji_312/profileImage.png?type=s1,흐지,삶의 조각들,2022. 9. 25.,https://blogthumb.pstatic.net/MjAyMjA5MjVfNDAg/MDAxNjY0MDkxNjk5Njk2.HxlpQ_t9ywQ_OLcXuUPaOnPvOEusScd9_zKUdO1Mfw0g.V3P8DQrocZ8x1_pWw6VDHKOQMHnPUEP4TmiNiBAkolIg.JPEG.hyeji_312/IMG_3581.jpg?type=s2
부산맛집추천 냉모밀이 땡길 때 꼭 가는 미식가의 우동 센텀점,부산맛집,https://blog.naver.com/ssi_000/222656487728,안녕하세요 잇님들~ 오늘은 다시 돌아온 부산 맛집 포스팅 시작하겠습니다 제가 벌써 두 번이나 방문했던 곳입니다 바로 얼마 전에도 다녀왔었는데... 봅니다 #부산맛집추천 미식가의 우동 센텀점에 도착하면 바로 볼 수 있는 것이 키오스크인데요 이 키오스크는 요새 어느 음식점을 방문하던지... ,부산 맛집,https://blog.naver.com/ssi_000,https://blogpfthumb-phinf.pstatic.net/20151228_115/ssi_000_1451288586085b89Ls_JPEG/1234.jpg?type=s1,BBEAUTY,BEAUTY ROOM,2022. 2. 24.,https://blogthumb.pstatic.net/MjAyMjAyMjRfMTU2/MDAxNjQ1NjY4NzMxNjk3.tlzuRVJHHHZgKtI2GeFY3jBRR77TBb-uxz-JKdU-XA8g.ugIdaOtFGlD53yJq_6oNviEi_PNvh4eEbUrXHP4X424g.JPEG.ssi_000/IMG_0094.jpeg?type=s2
부산맛집 해운대가야밀면 모르면 간첩일 정도로 맛나,부산맛집,https://blog.naver.com/parlosmsmd/222907849226,그래서 부산맛집 해운대가야밀면을 모르면 간첩이 아닐까 느껴져서 글을 쓰게 되었네요ㅎㅎ 저도 이렇게 핫한 집을 몰랐을 때 잠시... 부산맛집 해운대가야밀면에 가면 꼭 전메뉴를 주문하고 기다리세요. 저는 두번째 방문이었는데 처음에는 아무것도 몰라서 고작 밀면 하나만 시켰는데 육수... ,부산맛집,https://blog.naver.com/parlosmsmd,https://ssl.pstatic.net/static/blog/blank.gif,역반,역반,2022. 10. 23.,https://blogthumb.pstatic.net/MjAyMjEwMjNfMTA1/MDAxNjY2NDk0ODYwOTEx.68vVEknpxGsJVafqFV03i3TA4IfswoPFD-0KCskfwQYg.zuqxrffDWf_rfFnOd_xA7xGoDNkbja-JFDUE0wSeRkcg.JPEG.parlosmsmd/1.jpg?type=s2
"부산맛집 '곰보식당' 육회비빔밥, 선지국에 생간과 첩엽까지 서비스",부산맛집,https://blog.naver.com/bestbeautylife/222897427262,"부산맛집 '곰보식당' 육회비빔밥 선지국에 생간과 첩엽까지 서비스 #부산맛집 #육회비빔밥 #선지국 #생간천엽추천 ❇ 이용시간 : 매일 10:00 ~ 22:00 ❇ 주소 : 부산 사상구 낙동대로 1564 부산맛집 '곰보식당' 육회비빔밥, 선지국에 생간과 첩엽까지 서비스 안녕하세요!! Best Beauty Life의 아티스트(Artist)... ",부산맛집,https://blog.naver.com/bestbeautylife,https://blogpfthumb-phinf.pstatic.net/MjAyMjA5MjVfMTU1/MDAxNjY0MDgyMjIzMTY3.4IAtt2gYiWsCwiMzcUmGWS8dHmly47uSfhdZN-ZKgCog.EZH0-rwL2j9Nx7SnK7XG3tKI-tZrwPhncGYy-mAO1qIg.JPEG.bestbeautylife/profiles_1000x1000.jpg/profiles_1000x1000.jpg?type=s1,제이Jay,당신의 베스트위시즈 & 베스트 뷰티 라이프를 위한 곳,2022. 10. 11.,https://blogthumb.pstatic.net/MjAyMjEwMTNfMTc1/MDAxNjY1NjI3NjM0MDky._Pg110WmOWkA7w0GcfocS4Ex9RlUI3TN5LTPb2cYDd8g.veopsRmvnRRAa5XfPtgzaqETGffxYK3JyTGoltWnMYMg.PNG.bestbeautylife/%B0%F5%BA%B8%BD%C4%B4%E7_%C0%B0%C8%B8%BA%F1%BA%F6%B9%E4.png?type=s2
[부산맛집] 풍원장 고기정찬 엄궁점에서 든든하게 고기 먹었어요,부산맛집,https://blog.naver.com/rnl1dua2end3dl4/222909757831,안녕하세요 주말 동안 시댁에 갔다가 어머님이 고기 드시고 싶다고 해서 부산맛집 풍원장 고기정찬 엄궁점으로 먹으러 다녀왔습니다 아이들이 아직 어리기도 하고 직접 구워 먹는 곳보다는 구워주는 곳이 좋을 것 같아서 부산맛집 풍원장 고기정찬 엄궁점으로 갔는데 음식도 맛있었던 곳이었어요... ,부산맛집,https://blog.naver.com/rnl1dua2end3dl4,https://blogpfthumb-phinf.pstatic.net/MjAyMjAzMTZfMjEw/MDAxNjQ3MzkzMzExMjc1.NotEhe2TqmBCEDk_dpRImxjUOx9M393GqPOdkKYfBeIg.jYkiov4dDpHketJ4K7Y1sPiJ5v0r2GB6w9Ib4NMwhGQg.JPEG.rnl1dua2end3dl4/KakaoTalk_20220316_101418705.jpg/KakaoTalk_20220316_101418705.jpg?type=s1,그해우리,다양한 이야기,2022. 10. 25.,https://blogthumb.pstatic.net/MjAyMjEwMjVfMTUx/MDAxNjY2NjU1NTQxOTY1.Ogb0Ep-STsJaQSJuVtJzkTCUoRgnGRf-XURh6aPsL_cg.uY1HauxQcg8a9ue1w4mFd-ssQr3ozj0T8RoN77bwv0Eg.JPEG.rnl1dua2end3dl4/398785e2a1ac9fb3daa56f94bee08b0c_thumb.jpg?type=s2
